station_code,entity,water_body,uf,latitude,longitude,parameters,first_year,last_year,years
60019000,ADASA,Rio Samambaia,DF,-16.041576,-47.596313,1,2016,2020,4
60435000,ADASA,ALTO RIO DESCOBERTO,DF,-15.71,-48.23,1,2016,2020,4
60435170,ADASA,BARRAGEM DO DESCOBERTO,DF,-15.72,-48.21,1,2016,2020,4
60435200,ADASA,RIBEIRÃO RODEADOR,DF,-15.74,-48.17,1,2016,2020,4
60435250,ADASA,RIBEIRÃO RODEADOR,DF,-15.73555556,-48.17416667,1,2013,2013,1
60435450,ADASA,BARRAGEM DO DESCOBERTO,DF,-15.74,-48.211666,1,2016,2020,4
60435460,ADASA,BARRAGEM DO DESCOBERTO,DF,-15.746111,-48.184166,1,2016,2020,4
60435470,ADASA,BARRAGEM DO DESCOBERTO,DF,-15.768333,-48.212222,1,2016,2020,4
60435480,ADASA,BARRAGEM DO DESCOBERTO,DF,-15.767222,-48.220555,1,2016,2020,4
60435490,ADASA,BARRAGEM DESCOBERTO,DF,-15.77694444,-48.23111111,1,2013,2013,1
60435500,ADASA,DESCOBERTO BARRAGEM,DF,-15.778325,-48.23155,1,2016,2020,4
60436145,ADASA,Informação não disponível,DF,-15.852913,-48.094847,1,2014,2020,5
60436150,ADASA,RIO DESCOBERTO,DF,-15.93138889,-48.25888889,1,2013,2013,1
60436185,ADASA,Informação não disponível,DF,-15.926808,-48.259015,1,2011,2020,5
60436186,ADASA,MÉDIO RIO DESCOBERTO,DF,-15.931216,-48.258888,1,2016,2020,4
60436195,ADASA,Informação não disponível,DF,-15.94375,-48.247905,1,2016,2020,4
60436300,ADASA,Informação não disponível,DF,-16.008194,-48.272075,1,2016,2020,4
60436400,ADASA,Informação não disponível,DF,-16.053198,-48.245409,2,2009,2020,11
60443830,ADASA,Informação não disponível,DF,-16.035692,-48.138174,1,2016,2020,4
60443975,ADASA,RIBEIRÃO SANTA MARIA,DF,-16.052222,-48.020833,1,2013,2018,6
60444035,ADASA,Informação não disponível,DF,-16.04597,-48.082622,2,2009,2020,10
60476155,ADASA,Informação não disponível,DF,-15.80958,-47.700662,1,2016,2020,4
60476170,ADASA,Informação não disponível,DF,-15.81875,-47.704832,1,2016,2020,4
60477100,ADASA,BARRAGEM SANTA MARIA,DF,-15.66928,-47.953352,1,2016,2020,4
60477380,ADASA,RIBEIRÃO TORTO,DF,-15.72198,-47.86798,1,2016,2020,4
60477590,ADASA,LAGO PARANOÁ,DF,-15.7475,-47.823611,1,2016,2020,4
60477630,ADASA,RIBEIRÃO BANANAL,DF,-15.727163,-47.90745,1,2016,2020,4
60477640,ADASA,LAGO PARANOÁ,DF,-15.730555,-47.890555,1,2016,2020,4
60477660,ADASA,LAGO PARANOÁ,DF,-15.750277,-47.867777,1,2016,2020,4
60477670,ADASA,LAGO PARANOÁ,DF,-15.778611,-47.856111,1,2016,2020,4
60477700,ADASA,CÓRREGO VICENTE PIRES,DF,-15.807777,-48.006666,1,2016,2020,4
60478200,ADASA,RIACHO FUNDO,DF,-15.8644,-47.9569,1,2016,2020,4
60478477,ADASA,RIBEIRÃO MARIA PEREIRA,DF,-16.053333,-47.840556,1,2014,2018,5
60478481,ADASA,CÓRREGO SAIA VELHA,DF,-16.049722,-47.937778,1,2014,2018,5
60478485,ADASA,Informação não disponível,DF,-15.940692,-47.944283,1,2016,2020,4
60478530,ADASA,BAÍA DO RIBEIRÃO GAMA,DF,-15.84,-47.859722,1,2016,2020,4
60478650,ADASA,LAGO PARANOÁ,DF,-15.839444,-47.898333,1,2016,2020,4
60478700,ADASA,LAGO PARANOÁ,DF,-15.823055,-47.877777,1,2016,2020,4
60478750,ADASA,LAGO PARANOÁ,DF,-15.823611,-47.829444,1,2016,2020,4
60478800,ADASA,LAGO PARANOÁ,DF,-15.795555,-47.813333,1,2016,2020,4
60480310,ADASA,Informação não disponível,DF,-15.875415,-47.722889,1,2016,2020,4
60480550,ADASA,Informação não disponível,DF,-15.892638,-47.722887,1,2016,2020,4
60491000,ADASA,Informação não disponível,DF,-16.035695,-47.685382,1,2016,2020,4
60492000,ADASA,Informação não disponível,DF,-16.050971,-47.74427,2,2009,2020,11
60492200,ADASA,Informação não disponível,DF,-16.046988,-47.679882,2,2009,2020,11
ALAALG001,CAESB,Rio Alagado Montante Corumbá,DF,-16.205417,-48.162363,1,2014,2015,2
ALAALG001,CAESB,Rio Alagado Montante Corumbá,DF,-16.20541694,-48.16236278,1,2014,2016,3
ALALPA001,CAESB,LG Paranoá 1 metro,DF,-15.79489667,-47.78840611,1,2014,2016,3
ALALPA002,CAESB,LG Paranoá 5 metros,DF,-15.79489667,-47.78840611,1,2014,2016,3
ALALPA003,CAESB,LG Paranoá 10 metros,DF,-15.79489667,-47.78840611,1,2014,2016,3
ALARAR001,CAESB,Rio Areias Lago Corumbá,DF,-16.182619,-48.352999,1,2014,2015,2
ALARAR001,CAESB,Rio Areias Lago Corumbá,DF,-16.18261889,-48.35299917,1,2014,2016,3
ALARBA001,CAESB,Ribeirão Bananal,DF,-15.72671957,-47.91874141,1,2014,2016,3
ALASBT004,CAESB,Rio São Bartolomeu BR 251,DF,-15.96202972,-47.66147833,1,2014,2016,3
CAPALG001,CAESB,Rio Alagado,DF,-16.00148667,-48.02266597,1,2012,2016,5
CAPCCH001,CAESB,Córrego Cachoeirinha,DF,-15.76831444,-47.75325814,1,2012,2016,5
CAPCNT001,CAESB,Ribeirão Contagem,DF,-15.65474833,-47.8875116,1,2012,2016,5
CAPCON001,CAESB,Córrego Capão da Onça,DF,-15.65902917,-48.17233445,1,2012,2016,5
CAPCRS001,CAESB,Córrego Crispim,DF,-15.99361417,-48.04497767,1,2012,2016,5
CAPCTB001,CAESB,Ribeirão do Gama,DF,-15.95363,-47.98883768,1,2012,2016,5
CAPCTB002,CAESB,Ribeirão do Gama,DF,-15.95901361,-47.99334417,1,2012,2016,5
CAPCVD001,CAESB,Córrego Cabeça de Veado,DF,-15.89786583,-47.8422208,1,2012,2016,5
CAPCVD002,CAESB,Córrego Cabeça de Veado,DF,-15.89529722,-47.84922314,1,2012,2016,5
CAPCVD003,CAESB,Córrego Cabeça de Veado,DF,-15.88826944,-47.85186535,1,2012,2016,5
CAPCVD004,CAESB,Córrego Cabeça de Veado,DF,-15.88063667,-47.84804934,1,2012,2016,5
CAPENG001,CAESB,Ribeirão Engenho das Lajes,DF,-16.04137444,-48.26097427,1,2012,2016,5
CAPLDE001,CAESB,Lago Descoberto  16 m,DF,-15.77820972,-48.23547006,1,2013,2016,4
CAPLDE002,CAESB,LG Descoberto 09 m,DF,-15.77820972,-48.23108722,1,2014,2016,3
CAPLSM001,CAESB,"Lago Santa Maria  8,75 m",DF,-15.66908694,-47.95741836,1,2013,2016,4
CAPLSM002,CAESB,"LG Santa Maria 15,75 m",DF,-15.66908694,-47.95306583,1,2014,2016,3
CAPODG001,CAESB,Córrego Olho d’Água,DF,-15.9630975,-48.07308392,1,2012,2016,5
CAPPDR001,CAESB,Ribeirão das Pedras,DF,-15.76915139,-48.11370338,1,2012,2016,5
CAPPRZ001,CAESB,Córrego Paranoazinho,DF,-15.67611611,-47.86269587,1,2012,2016,5
CAPPTR001,CAESB,Córrego Ponte de Terra,DF,-15.98527333,-48.05529452,1,2012,2012,1
CAPPTR002,CAESB,Córrego Ponte de Terra,DF,-15.98895028,-48.06264026,1,2012,2016,5
CAPPTR003,CAESB,Córrego Ponte de Terra,DF,-15.99032861,-48.07048342,1,2012,2016,5
CAPTOR001,CAESB,Ribeirão do Torto,DF,-15.69528361,-47.91710313,1,2012,2016,5
CAPTQR001,CAESB,Córrego Taquari,DF,-15.73656861,-47.80624155,1,2012,2016,5
CRPALG010,CAESB,Rio Alagado  Relocado,DF,-16.01075639,-48.03375327,1,2013,2016,4
CRPALG020,CAESB,Rio Alagado,DF,-16.04108833,-48.05986336,1,2013,2016,4
CRPALG030,CAESB,Rio Alagado,DF,-16.0951525,-48.15051254,1,2013,2016,3
CRPALG040,CAESB,Rio Alagado,DF,-16.10785861,-48.15556329,1,2013,2016,4
CRPCMJ010,CAESB,Córrego Monjolo,DF,-15.95091333,-48.11641859,1,2013,2014,2
CRPCOR010,CAESB,Córrego Cortado  novo ponto,DF,-15.83010667,-48.06929809,1,2013,2016,4
CRPCSA010,CAESB,COL Agricola Águas Claras  Córrego Samambaia,DF,-15.82061806,-48.02413128,1,2013,2016,4
CRPCTT001,CAESB,Córrego Taguatinga,DF,-15.8570025,-48.05353139,1,2013,2013,1
CRPCTT010,CAESB,CRG Taguatinga,DF,-15.8570025,-48.04912667,1,2014,2016,3
CRPCVB010,CAESB,Córrego Vargem da Benção,DF,-15.90390278,-48.10044914,1,2013,2016,4
CRPCVB020,CAESB,Córrego Vargem da Benção  novo,DF,-15.92412139,-48.12655809,1,2013,2016,4
CRPCVB030,CAESB,Córrego Vargem da Benção,DF,-15.93009361,-48.13082808,1,2013,2016,4
CRPCVB040,CAESB,Córrego Vargem da Benção,DF,-15.95105249,-48.1232683,1,2015,2017,3
CRPCVP010,CAESB,COL Agricola Águas Claras  Córrego Vicente Pires,DF,-15.78579361,-48.00694022,1,2013,2016,4
CRPCVP020,CAESB,COL Agricola Águas Claras Córrego Vicente Pires,DF,-15.81410583,-48.00425083,1,2014,2016,3
CRPCVP030,CAESB,COL Agricola Águas Claras Córrego Vicente Pires,DF,-15.82671944,-47.99518444,1,2014,2016,3
CRPCVP040,CAESB,COL Agricola Águas Claras Córrego Vicente Pires,DF,-15.8375725,-47.99134278,1,2014,2016,3
CRPCVP050,CAESB,COL Agricola Águas Claras Córrego Vicente Pires,DF,-15.86438639,-47.95887028,1,2014,2016,3
CRPMLC010,CAESB,Rio Melchior  novo,DF,-15.85662333,-48.15005823,1,2013,2016,4
CRPMLC020,CAESB,Rio Melchior,DF,-15.85707083,-48.18095641,1,2013,2016,4
CRPMLC030,CAESB,Rio Melchior,DF,-15.90832111,-48.25312148,1,2013,2016,4
CRPRDE010,CAESB,Rio Descoberto,DF,-15.94242,-48.25677901,1,2013,2016,4
CRPRPA010,CAESB,Rio Paranoá  relocado,DF,-15.79211278,-47.7689417,1,2013,2016,4
CRPRPA020,CAESB,Rio Paranoá relocado,DF,-15.79018944,-47.750295,1,2014,2016,3
CRPRPA030,CAESB,Rio Paranoá  100 Após Jusante,DF,-15.80968889,-47.70716658,1,2013,2016,4
CRPRPT010,CAESB,Ribeirão Ponte Alta  Ex PA-10,DF,-15.99122444,-48.11848812,1,2013,2016,4
CRPRPT020,CAESB,Ribeirão Ponte Alta  Ex PA-20,DF,-16.01176028,-48.12196743,1,2013,2016,4
CRPRRF010,CAESB,Riacho Fundo  relocado,DF,-15.89116333,-48.03090227,1,2013,2016,4
CRPRRF020,CAESB,Ribeirão Riacho Fundo  relocado,DF,-15.891475,-48.03057124,1,2013,2016,4
CRPRRF030,CAESB,Ribeirão Riacho Fundo  relocado,DF,-15.88784361,-47.9982519,1,2013,2016,4
CRPRRF040,CAESB,Ribeirão Riacho Fundo,DF,-15.86529833,-47.96065036,1,2013,2016,4
CRPRRF050,CAESB,Ribeirão Riacho Fundo,DF,-15.85085778,-47.9361619,1,2013,2016,4
CRPSAP010,CAESB,Ribeirão Santo Antônio da Papuda,DF,-15.91807611,-47.78084863,1,2013,2016,4
CRPSAP020,CAESB,Ribeirão Santo Antônio da Papuda  novo ponto,DF,-15.90126694,-47.75061813,1,2013,2016,4
CRPSAP030,CAESB,Ribeirão Santo Antônio da Papuda  antigo PP02,DF,-15.89966944,-47.74768407,1,2013,2015,3
CRPSAP040,CAESB,Ribeirão Santo Antônio da Papuda,DF,-15.89216807,-47.71851348,1,2015,2016,2
LICLDE001,CAESB,LG Descoberto Ponto A - 1 metro,DF,-15.77749722,-48.23102944,1,2014,2016,3
LICLDE002,CAESB,LG Descoberto Ponto B - 1 metro,DF,-15.75688139,-48.21345222,1,2014,2016,3
LICLDE003,CAESB,LG Descoberto Ponto C - 1 metro,DF,-15.74910528,-48.17690139,1,2014,2016,3
LICLDE004,CAESB,LG Descoberto Ponto D - 1 metro,DF,-15.73806028,-48.17959139,1,2014,2016,3
LICLDE005,CAESB,LG Descoberto Ponto E - 1 metro,DF,-15.71139389,-48.21259194,1,2014,2016,3
LICLDE006,CAESB,Lago Descoberto,DF,-15.74534898,-48.18547602,1,2015,2016,2
LICLDE007,CAESB,Lago Descoberto,DF,-15.74659832,-48.20898354,1,2015,2016,2
GO8491E87,SEMARH,Informação não disponível,GO,-18.593444,-50.438306,3,2015,2015,1
GO8491I17,SEMARH,Informação não disponível,GO,-17.960389,-51.618944,1,2014,2016,3
GO8491I19,SEMARH,Informação não disponível,GO,-18.457444,-50.486306,2,2012,2012,1
GO8491I20,SEMARH,Informação não disponível,GO,-18.455306,-50.315556,3,2014,2015,2
GO8491I27,SEMARH,Informação não disponível,GO,-18.304222,-51.142611,4,2012,2020,5
GO8491I30,SEMARH,Informação não disponível,GO,-18.436306,-50.666361,3,2012,2015,3
GO8491I41,SEMARH,Informação não disponível,GO,-18.574444,-51.472778,3,2012,2012,1
GO8491I44,SEMARH,Informação não disponível,GO,-19.013667,-50.684417,2,2012,2012,1
GO8491I45,SEMARH,Informação não disponível,GO,-18.528167,-51.17275,4,2012,2020,6
GO8491I46,SEMARH,Informação não disponível,GO,-18.085111,-51.621722,1,2014,2015,2
GO8491I49,SEMARH,RIO ALEGRE,GO,-18.759,-50.627222,3,2014,2015,2
GO8491I5,SEMAD-GO,RIO VERDE,GO,-18.731008,-51.24594,3,2020,2020,1
GO8491I61,SEMARH,Informação não disponível,GO,-18.896111,-51.427222,3,2012,2012,1
GO8491I7,SEMARH,RIO CLARO,GO,-18.5555,-51.125583,3,2013,2013,1
GO8494I11,SEMARH,SANTA MARIA,GO,-16.728,-49.59311,1,2020,2020,1
GO8494I15,SEMARH,Informação não disponível,GO,-17.272906,-50.121732,1,2020,2020,1
GO8494I17,SEMARH,Informação não disponível,GO,-16.973528,-50.279111,1,2020,2020,1
GO8494I2,SEMAD-GO,RIO VERDE,GO,-17.965407,-50.334604,1,2020,2020,1
GO8494I22,SEMARH,RIO DOS BOIS,GO,-18.048778,-50.196833,1,2013,2020,3
GO8494I23,SEMARH,Informação não disponível,GO,-17.699833,-50.46575,1,2020,2020,1
GO8494I25,SEMARH,Informação não disponível,GO,-16.597833,-50.187194,1,2020,2020,1
GO8494I26,SEMARH,Informação não disponível,GO,-17.495639,-50.039806,1,2020,2020,1
GO8494I3,SEMARH,Informação não disponível,GO,-17.793356,-50.161018,1,2020,2020,1
GO8494I32,SEMARH,ANICUNS,GO,-16.57322,-49.72802,1,2020,2020,1
GO8494I36,SEMARH,Informação não disponível,GO,-17.953611,-50.28,2,2015,2020,2
GO8494I5,SEMARH,Informação não disponível,GO,-17.486417,-50.069694,1,2020,2020,1
GO8494I8,SEMARH,Informação não disponível,GO,-17.205611,-50.105167,1,2020,2020,1
GO8494R34,SEMARH,Informação não disponível,GO,-17.1275,-50.638639,1,2020,2020,1
GO8495E31,SEMARH,RIO MEIA PONTE,GO,-16.64188,-49.25679,1,2020,2020,1
GO8495I1,SEMARH,RIO MEIA PONTE,GO,-16.7418,-49.14277,1,2020,2020,1
GO8495I10,SEMARH,Informação não disponível,GO,-16.612139,-49.003694,1,2020,2020,1
GO8495I17,SEMARH,Rio Meia Ponte,GO,-16.345917,-49.494972,1,2020,2020,1
GO8495I33,SEMARH,RIO DOS BOIS,GO,-18.483118,-50.039575,4,2008,2016,7
GO8495I5,SEMARH,RIO MEIA PONTE,GO,-17.01534,-49.08227,1,2020,2020,1
GO8495I7,SEMARH,RIO MEIA PONTE,GO,-18.08524,-51.62174,2,2015,2020,3
GO8495I8,SEMARH,Informação não disponível,GO,-16.804056,-49.059417,1,2020,2020,1
GO8495I9,SEMARH,RIO MEIA PONTE,GO,-16.91981,-49.11715,1,2020,2020,1
GO8495IE26,SEMARH,Informação não disponível,GO,-18.365417,-49.159111,4,2018,2020,2
GO8495IE4,SEMARH,RIO MEIA PONTE,GO,-18.477333,-49.614806,3,2001,2020,15
GO8496I11,SEMARH,Informação não disponível,GO,-15.928556,-48.628944,1,2020,2020,1
GO8496I13,SEMARH,RIO CORUMBÁ,GO,-18.318667,-48.561389,3,2013,2015,3
GO8496I15,SEMARH,RIO DO PEIXE,GO,-17.34409,-48.242851,1,2020,2020,1
GO8496I18,SEMARH,CORUMBA,GO,-15.91731,-48.80771,1,2020,2020,1
GO8496I19,SEMARH,Informação não disponível,GO,-16.010028,-48.628944,1,2020,2020,1
GO8496I21,SEMARH,Informação não disponível,GO,-17.987472,-48.995556,2,2012,2020,6
GO8496I25,SEMARH,Informação não disponível,GO,-16.5915,-48.537361,1,2020,2020,1
GO8496I26,SEMARH,CORUMBA,GO,-17.03915,-47.9434,1,2020,2020,1
GO8496I3,SEMARH,CORUMBA,GO,-17.71413,-48.4983,1,2020,2020,1
GO8496I32,SEMARH,ANTAS,GO,-16.29714,-49.80485,1,2020,2020,1
GO8496I33,SEMARH,CORUMBA,GO,-15.94062,-48.80547,1,2020,2020,1
GO8496I5,SEMARH,Informação não disponível,GO,-17.990417,-48.975389,1,2012,2016,3
GO8496I6,SEMARH,REPRESA ITUMBIARA,GO,-18.231111,-48.765556,3,2013,2020,3
GO8496I7,SEMARH,RIO QUENTE,GO,-17.507001,-48.379007,1,2020,2020,1
GO8496I8,SEMARH,Informação não disponível,GO,-17.121606,-48.141924,1,2020,2020,1
GO8499I23,SEMARH,RIO QUENTE,GO,-17.91534,-48.060372,1,2015,2015,1
GO8499I41,SEMARH,Informação não disponível,GO,-18.10525,-47.692333,3,2009,2015,4
QUEP04,SEMARH,Informação não disponível,GO,-17.779028,-48.784528,1,2011,2011,1
QUEP06,SEMARH,Rio Quente,GO,-17.774333,-48.753611,1,2011,2011,1
QUEP07,SEMARH,Rio Quente,GO,-17.77459,-48.755887,1,2011,2011,1
RQUEN01,SEMARH,SÃO MARCOS,GO,-17.774689,-48.747778,1,2011,2011,1
RQUEN02,SEMARH,URUCUIA,GO,-17.77261,-48.75633,1,2011,2011,1
RQUEN03,SEMARH,VERISSIMO,GO,-17.773444,-48.756472,1,2011,2011,1
,,,MG,-17.4,-46.54,1,2021,2021,1
,,,MG,-17.14,-46.82,1,2021,2021,1
BG008,IGAM,Ribeirão Caieiro,MG,-21.27531,-44.88417,6,1997,2021,24
BG009,IGAM,Rio Capivari,MG,-21.27531,-44.88417,1,2013,2020,7
BG017,IGAM,Rio das Mortes,MG,-21.14217,-44.74058,6,1997,2021,24
BG018,IGAM,Rio do Cervo,MG,-20.77,-44.82,5,2017,2021,4
BG019,IGAM,Rio Grande,MG,-21.17619,-45.12619,6,1997,2021,24
BG021,IGAM,Rio Jacaré,MG,-21.00369,-45.19792,6,1997,2021,24
BG023,IGAM,Rio Formiga,MG,-20.48678,-45.4405,6,1997,2021,24
BG024,IGAM,Rio Baependi,MG,-21.951,-44.88019,6,2008,2021,13
BG025,IGAM,Rio Verde (GD4),MG,-22.32669,-44.90539,6,1997,2021,24
BG026,IGAM,Rio Verde (GD4),MG,-21.94506,-45.09225,6,2008,2021,13
BG027,IGAM,Rio Verde (GD4),MG,-22.21422,-44.9755,6,1997,2021,24
BG028,IGAM,Rio Verde (GD4),MG,-22.06042,-45.04539,6,1997,2021,24
BG029,IGAM,Rio Baependi,MG,-21.86511,-45.05436,6,1997,2021,24
BG030,IGAM,Rio Lambari (GD4),MG,-22.21019,-45.26542,6,1997,2021,24
BG031,IGAM,Rio Lambari (GD4),MG,-21.76778,-45.21575,6,1997,2021,24
BG032,IGAM,Rio Verde (GD4),MG,-21.70319,-45.24758,6,1997,2021,24
BG033,IGAM,Rio do Peixe (GD4),MG,-21.67208,-45.33081,6,1997,2021,24
BG034,IGAM,Rio do Peixe (GD4),MG,-21.65539,-45.11531,6,2000,2021,21
BG035,IGAM,Rio Verde (GD4),MG,-21.64142,-45.36378,6,1997,2021,24
BG036,IGAM,Rio Palmela,MG,-21.62983,-45.39542,6,1997,2021,24
BG037,IGAM,Rio Verde (GD4),MG,-21.60642,-45.50844,6,1997,2021,24
BG038,IGAM,Rio Lambari (GD4),MG,-21.93389,-45.26217,6,2008,2021,13
BG039,IGAM,Rio Sapucaí,MG,-22.51597,-45.40219,6,1997,2021,24
BG040,IGAM,Ribeirão Vermelho,MG,-21.65758,-45.04461,6,2008,2021,13
BG041,IGAM,Rio Sapucaí,MG,-22.36058,-45.55242,6,1997,2021,24
BG042,IGAM,Ribeirão do Mandu,MG,-22.27264,-46.08503,6,2008,2021,13
BG043,IGAM,Rio Sapucaí,MG,-22.21181,-45.86733,6,1997,2021,24
BG044,IGAM,Rio Sapucaí-Mirim,MG,-22.29008,-45.89761,6,1997,2021,24
BG045,IGAM,Rio Sapucaí-Mirim,MG,-22.20644,-45.89611,6,1997,2021,24
BG046,IGAM,Rio do Cervo,MG,-22.15806,-47.09733,6,2008,2021,13
BG047,IGAM,Rio Sapucaí,MG,-22.0535,-45.69983,6,1997,2021,24
BG048,IGAM,Rio do Cervo,MG,-22.11661,-45.91725,6,2008,2021,13
BG049,IGAM,Rio Sapucaí,MG,-21.57953,-45.68136,6,1997,2021,24
BG050,IGAM,Rio Dourado (GD5),MG,-21.96353,-45.91192,6,2008,2021,13
BG051,IGAM,Rio Grande,MG,-20.68472,-46.36222,6,1997,2021,24
BG052,IGAM,Rio Sapucaí-Mirim,MG,-22.22817,-45.90167,6,2008,2021,13
BG053,IGAM,Ribeirão da Bocaina,MG,-20.69422,-46.6,6,1997,2021,24
BG055,IGAM,Rio São João (GD7),MG,-20.61667,-46.83267,6,1997,2021,24
BG056,IGAM,Ribeirão São Pedro (GD7),MG,-20.61,-46.91,5,2017,2021,4
BG057,IGAM,Córrego Gameleiras,MG,-20.00861,-47.87508,6,1997,2021,24
BG058,IGAM,Rio Uberaba,MG,-19.66111,-47.82417,6,2000,2021,21
BG059,IGAM,Rio Uberaba,MG,-19.90906,-48.39075,6,1997,2021,24
BG061,IGAM,Rio Grande,MG,-20.16786,-48.68833,6,1997,2021,24
BG063,IGAM,Rio Lambari (GD6),MG,-21.73444,-46.60217,6,1997,2021,24
BG065,IGAM,Ribeirão São Pedro (GD3),MG,-21.15128,-45.56567,6,2008,2021,13
BG067,IGAM,Ribeirão da Espera,MG,-21.45706,-45.51572,6,2008,2021,13
BG068,IGAM,Rio do Peixe (GD3),MG,-21.59,-46.29,5,2017,2021,4
BG069,IGAM,Rio do Machado,MG,-21.66483,-45.89292,6,2008,2021,13
BG070,IGAM,Ribeirão Buriti,MG,-19.9,-47.26,6,2018,2021,3
BG071,IGAM,Córrego Liso,MG,-20.89183,-46.95069,6,2008,2021,13
BG072,IGAM,Rio São João (GD7),MG,-20.84,-46.71,5,2017,2021,4
BG073,IGAM,Rio Santana (GD7),MG,-20.82464,-46.82494,6,2008,2021,13
BG074,IGAM,Rio Santana (GD7),MG,-20.7,-46.84,5,2017,2021,4
BG075,IGAM,Rio Pardo (GD6),MG,-21.74836,-46.40517,6,2008,2021,13
BG076,IGAM,Ribeirão São Francisco,MG,-19.9,-47.26,1,2018,2020,2
BG077,IGAM,Rio Mogi-Guaçu,MG,-22.31469,-46.32983,6,2008,2021,13
BG078,IGAM,Rio das Canoas,MG,-19.6,-46.71,5,2017,2021,4
BG079,IGAM,Ribeirão do Ouro Fino,MG,-22.28525,-46.38244,6,2008,2021,13
BG080,IGAM,Rio Grande,MG,-19.69,-48.79,6,2018,2021,3
BG081,IGAM,Rio Eleutério,MG,-22.31706,-46.69822,6,2008,2021,13
BG082,IGAM,Rio Verde ou Feio,MG,-18.44,-48.54,5,2018,2021,3
BG083,IGAM,Rio das Antas,MG,-22.45242,-46.36689,6,2008,2021,13
BG084,IGAM,Rio Verde ou Feio,MG,-19.87,-49.72,6,2018,2021,3
BG086,IGAM,Córrego Santa Rosa,MG,-19.76328,-50.2,6,2008,2021,13
BG087,IGAM,Ribeirão da Tronqueira,MG,-19.74164,-50.23353,6,2008,2021,13
BG088,IGAM,Rio São João (GD7),MG,-21.01,-46.53,5,2017,2021,4
BG089,IGAM,Rio Muzambinho,MG,-21.35342,-46.52028,6,2008,2021,13
BG090,IGAM,Rio Muzambo,MG,-21.28,-46.36,5,2017,2021,4
BG091,IGAM,Ribeirão da Pirapetinga,MG,-22.08608,-46.58472,6,2008,2021,13
BG093,IGAM,Rio Mogi-Guaçu,MG,-22.26556,-46.69167,6,2011,2021,10
BG094,IGAM,Ribeirão Santa Bárbara,MG,-21.33,-46.83,5,2017,2021,4
BG095,IGAM,Rio Canoas,MG,-21.42889,-47.01444,6,2011,2021,10
BG096,IGAM,Ribeirão das Antas,MG,-21.93,-46.59,6,2013,2021,8
BG097,IGAM,Rio Jaguari-Mirim,MG,-22.09,-46.63,6,2013,2021,8
BG098,IGAM,Rio Jaguari-Mirim,MG,-22.09,-46.55,6,2013,2021,8
BG099,IGAM,Ribeirão Ouro Fino,MG,-22.26,-46.37,6,2013,2021,8
BG100,IGAM,Ribeirão Conquista,MG,-20.72,-46.39,6,2013,2021,8
BV131,IGAM,Lagoa Central,MG,-19.63,-45.89,5,2020,2021,2
PA004,IGAM,Rio Itapecerica,MG,-20.21717,-44.91783,6,2000,2021,21
PA022,IGAM,Ribeirão Diamante,MG,-20.04744,-45.20281,6,2006,2021,15
PA031,IGAM,Rio Itapecerica,MG,-20.38947,-44.96853,6,2008,2021,13
PA032,IGAM,Ribeirão Boa Vista,MG,-20.45567,-44.89208,6,2008,2021,13
PA040,IGAM,Rio Lambari (SF2),MG,-20.28286,-45.14803,6,2008,2021,13
PB001,IGAM,Rio Paranaíba,MG,-19.16306,-46.27778,6,1997,2021,24
PB002,IGAM,Rio Paranaíba,MG,-18.83861,-46.56286,6,2010,2021,11
PB003,IGAM,Rio Paranaíba,MG,-18.6025,-46.53972,6,1997,2021,24
PB005,IGAM,Rio Paranaíba,MG,-18.07064,-47.30161,4,1997,2021,24
PB007,IGAM,Rio Paranaíba,MG,-18.42417,-48.06833,6,1997,2021,24
PB009,IGAM,Rio Jordão,MG,-18.59167,-48.12875,6,1997,2021,24
PB011,IGAM,Rio Quebra Anzol,MG,-19.303,-46.83778,6,1997,2021,24
PB012,IGAM,Rio Capivara,MG,-18.43,-46.95,5,2020,2021,2
PB013,IGAM,Rio Capivara,MG,-19.36025,-47.04639,6,1997,2021,24
PB015,IGAM,Ribeirão Santo Antônio (PN2),MG,-19.05333,-47.10628,6,1997,2021,24
PB016,IGAM,Córredo do Indaiá,MG,-18.88,-46.27,5,2018,2021,3
PB017,IGAM,Rio Araguari,MG,-19.486,-47.54389,6,1997,2021,24
PB019,IGAM,Rio Araguari,MG,-18.87278,-48.0775,6,1997,2021,24
PB020,IGAM,Rio da Prata (PN3),MG,-18.48,-47.15,5,2018,2021,3
PB021,IGAM,Rio Araguari,MG,-18.59517,-48.53094,6,1997,2021,24
PB022,IGAM,Rio Uberabinha,MG,-18.98556,-48.21167,6,2000,2021,21
PB023,IGAM,Rio Uberabinha,MG,-18.76864,-48.43656,6,1997,2021,24
PB024,IGAM,Rio Cocal,MG,-18.56,-47.11,5,2018,2021,3
PB025,IGAM,Rio Paranaíba,MG,-18.42,-49.19611,6,1997,2021,24
PB026,IGAM,Rio Douradinho,MG,-18.78,-48.95,5,2018,2021,3
PB027,IGAM,Rio Tijuco,MG,-18.94178,-49.44972,6,1997,2021,24
PB028,IGAM,Córrego São Lourenço,MG,-17.02,-48.58,1,2018,2021,3
PB029,IGAM,Rio da Prata (PN3),MG,-18.93389,-49.79833,6,1997,2021,24
PB030,IGAM,Ribeirão Santo Antônio das Minas Vermelhas,MG,-18.36,-46.97,5,2018,2021,3
PB031,IGAM,Rio Paranaíba,MG,-19.05028,-50.50328,6,1997,2021,24
PB032,IGAM,Rio Paranaíba,MG,-17.7,-46.88,1,2018,2021,3
PB033,IGAM,Rio São Domingos (PN3),MG,-19.22017,-50.67694,6,1997,2021,24
PB034,IGAM,Rio Paranaíba,MG,-19.66,-51.02,6,2012,2021,9
PB035,IGAM,Rio São Marcos,MG,-17.03414,-47.16244,2,2010,2021,11
PB036,IGAM,Ribeirão da Batalha,MG,-17.44564,-47.34506,2,2010,2021,11
PB037,IGAM,Rio Santo Inácio,MG,-18.41544,-47.15486,6,2010,2021,11
PB038,IGAM,Rio Dourados,MG,-18.49119,-47.40633,6,2010,2021,11
PB039,IGAM,Rio Perdizes,MG,-18.32975,-47.48656,6,2010,2021,11
PB040,IGAM,Rio Bagagem,MG,-18.71944,-47.69869,6,2010,2021,11
PB041,IGAM,Rio Piçarrão,MG,-18.76194,-48.04775,6,2010,2021,11
PB042,IGAM,Rio Misericórdia,MG,-19.46589,-46.55297,6,2010,2021,11
PB043,IGAM,Córrego da estação ambiental CEMIG,MG,-19.23042,-47.14908,6,2010,2021,11
PB044,IGAM,Rio Claro,MG,-19.23753,-47.80128,6,2010,2021,11
PB045,IGAM,Rio Piedade,MG,-18.53831,-49.19286,6,2010,2021,11
PB046,IGAM,Rio Tijuco,MG,-19.16619,-48.73636,6,2010,2021,11
PB047,IGAM,Rio Dourado (PN3),MG,-19.06731,-48.57142,6,2010,2021,11
PB048,IGAM,Rio Babilônia,MG,-18.94686,-49.02511,6,2010,2021,11
PB049,IGAM,Ribeirão Monte Alegre,MG,-18.87758,-49.05681,6,2010,2021,11
PB050,IGAM,Rio da Prata (PN3),MG,-19.37703,-49.06061,6,2010,2021,11
PB051,IGAM,Rio São Jerônimo,MG,-18.89014,-49.99994,6,2010,2021,11
PB052,IGAM,Rio São Domingos (PN3),MG,-19.32461,-50.47086,6,2010,2021,11
PB053,IGAM,Rio Arantes,MG,-19.22803,-50.38192,6,2010,2021,11
PB054,IGAM,Ribeirão Volta Grande,MG,-19.49422,-50.67122,6,2010,2021,11
PB055,IGAM,Ribeirão Salitre,MG,-19.07017,-46.78833,6,2010,2021,11
PB056,IGAM,Rio Araguari,MG,-20.14698,-46.67007,6,2011,2021,10
PB057,IGAM,Ribeirão do Inferno,MG,-19.78894,-46.89334,6,2010,2021,11
PJ001,IGAM,Rio Jaguari,MG,-22.88083,-46.39111,6,2011,2021,10
PJ003,IGAM,Rio Camanducaia,MG,-22.70528,-45.93722,6,2011,2021,10
PJ006,IGAM,Rio Camanducaia,MG,-22.76306,-46.15194,6,2011,2021,10
PJ009,IGAM,Rio Camanducaia,MG,-22.76333,-46.22639,6,2011,2021,10
PJ012,IGAM,Rio do Guardinha,MG,-22.70667,-46.45722,6,2011,2021,10
PJ015,IGAM,Rio do Guardinha,MG,-22.75444,-46.365,6,2011,2021,10
PJ018,IGAM,Rio do Guardinha,MG,-22.74417,-46.39194,6,2011,2021,10
PJ021,IGAM,Rio Jaguari,MG,-22.83139,-46.12333,6,2011,2021,10
PJ024,IGAM,Rio Jaguari,MG,-22.84028,-46.30639,6,2011,2021,10
PT003,IGAM,Rio Paracatu,MG,-17.50111,-46.57056,2,1997,2021,24
PT005,IGAM,Córrego Rico,MG,-17.30447,-46.77094,2,1997,2021,24
PTE001,IGAM,Rio da Prata (SF7),MG,-18.30714,-46.27661,6,2006,2021,15
PTE003,IGAM,Rio Santa Catarina,MG,-17.9875,-46.88022,4,2006,2021,15
PTE005,IGAM,Rio Santa Catarina,MG,-17.921,-46.75131,4,2006,2021,15
PTE007,IGAM,Rio Paracatu,MG,-17.77906,-46.61628,3,2006,2021,15
PTE009,IGAM,Rio Claro,MG,-17.74325,-46.92333,2,2013,2021,8
PTE011,IGAM,Ribeirão Arrenegado,MG,-17.62675,-46.89944,2,2006,2021,15
PTE013,IGAM,Ribeirão Escurinho,MG,-17.47758,-46.79931,2,2013,2021,8
PTE015,IGAM,Rio Escuro,MG,-17.50286,-46.60239,2,2013,2021,8
PTE017,IGAM,Rio da Prata (SF7),MG,-17.51131,-46.52547,2,2013,2020,6
PTE023,IGAM,Córrego Rico,MG,-17.24031,-46.86683,2,2006,2021,15
PTE025,IGAM,Ribeirão São Pedro (SF7),MG,-17.03844,-46.81506,2,2013,2021,8
PTE029,IGAM,Ribeirão São Pedro (SF7),MG,-17.12053,-46.76653,2,2013,2021,8
SF001,IGAM,Rio São Francisco (SF),MG,-20.3325,-46.46786,6,1997,2021,24
SF002,IGAM,Rio São Miguel (SF1),MG,-20.23667,-45.66006,6,2000,2021,21
SF003,IGAM,Rio São Francisco (SF),MG,-20.17111,-45.71558,6,1997,2021,24
SF004,IGAM,Rio Preto (SF1),MG,-20.16036,-45.614,6,2000,2021,21
SF008,IGAM,Rio Santana (SF1),MG,-20.08389,-45.58664,6,2006,2021,15
SF010,IGAM,Rio São Francisco (SF),MG,-19.77222,-45.47844,6,2006,2021,15
SF041,IGAM,Ribeirão Água Limpa,MG,-20.45,-46.0,6,2018,2021,3
SF043,IGAM,Ribeirão dos Patos,MG,-20.24,-45.86,6,2018,2021,3
SF045,IGAM,Rio São Francisco,MG,-20.35,-46.07,6,2018,2021,3
SFH10,IGAM,Rio Claro,MG,-17.91556,-47.01056,4,2008,2021,13
00MS18FA2000,IMASUL,Córrego Fazendinha,MS,-19.706233,-51.130828,5,2017,2020,4
00MS18SN2010,IMASUL,Rio Santana,MS,-19.706965,-51.120896,5,2017,2020,4
00MS18SN2013,IMASUL,Rio Santana,MS,-19.708595,-51.129446,5,2017,2020,4
00MS18SN2065,IMASUL,Rio Santana,MS,-19.657259,-51.381756,5,2017,2020,4
00MS19AR2039,IMASUL,Rio Aporé,MS,-19.3074,-51.0892,5,2002,2020,19
00MS19AR2138,IMASUL,Rio Aporé,MS,-19.1066,-51.7285,5,2002,2020,19
00MS19AR2143,IMASUL,Rio Aporé,MS,-19.0866,-51.7481,5,2002,2020,19
00MS19AR2223,IMASUL,Rio Aporé,MS,-18.858389,-52.172069,5,2006,2007,2
00MS19AR2233,IMASUL,Rio Aporé,MS,-18.8584,-52.1721,5,2002,2020,16
00MS19AR2243,IMASUL,Rio Aporé,MS,-18.8515,-52.1808,5,2002,2020,19
00MS19AR2321,IMASUL,Rio Aporé,MS,-18.6903,-52.6263,5,2002,2020,18
00MS25NA1271,IMASUL,Rio Nabileque,MS,-19.728611,-51.5325,3,2006,2020,13
,,,SP,-23.3986,-47.5911,5,2021,2021,1
,,,SP,-22.9225,-47.7419,5,2021,2021,1
ACLA 00500,CETESB,Reservatório Águas Claras,SP,-23.39777778,-46.65833333,1,2014,2018,5
ACLA00500,CETESB,Reservatório Águas Claras,SP,-23.397778,-46.658333,5,2014,2021,7
AGUA 02010,CETESB,Rio Aguapeí ou Feio,SP,-21.92138889,-49.67555556,1,2012,2018,7
AGUA 02100,CETESB,Rio Aguapeí ou Feio,SP,-21.67638889,-50.58916667,1,2012,2018,7
AGUA 02100 ou AGUA02100,CETESB,Rio Aguapeí ou Feio,SP,-21.676389,-50.589167,5,1979,2019,41
AGUA 02500,CETESB,Rio Aguapeí ou Feio,SP,-21.43194444,-51.01444444,1,2014,2018,5
AGUA 02800,CETESB,Rio Aguapeí ou Feio,SP,-21.22083333,-51.49777778,1,2012,2018,7
AGUA02010,CETESB,Rio Aguapeí ou Feio,SP,-21.921389,-49.675556,5,2001,2021,20
AGUA02200,CETESB,Rio Aguapeí ou Feio,SP,-21.6522,-50.6375,5,2020,2021,2
AGUA02500,CETESB,Rio Aguapeí ou Feio,SP,-21.431944,-51.014444,5,2014,2021,7
AGUA02800,CETESB,Rio Aguapeí ou Feio,SP,-21.220833,-51.497778,5,1978,2021,43
ANOR 02300,CETESB,Córrego da Água Norte,SP,-22.207778,-49.910833,5,2006,2016,11
ANOR 02300,CETESB,Córrego da Água Norte,SP,-22.20777778,-49.91083333,1,2012,2016,5
ARAS 02900,CETESB,Rio das Araras,SP,-22.27944444,-47.22305556,1,2012,2018,7
ARAS02900,CETESB,Rio das Araras,SP,-22.279444,-47.223056,5,2002,2021,19
ARAS03400,,,SP,-22.3511,-47.3492,3,2021,2021,1
ARPE 02800,CETESB,Reservatório do Arrependido,SP,-22.31916667,-50.0225,1,2012,2018,7
ARPE02800,CETESB,Reservatório do Arrependido,SP,-22.319167,-50.0225,5,2001,2021,20
ATIB 02010,CETESB,Rio Atibaia,SP,-23.10333333,-46.545,1,2012,2018,7
ATIB 02030,CETESB,Rio Atibaia,SP,-22.96916667,-46.84777778,1,2012,2018,7
ATIB 02035,CETESB,Rio Atibaia,SP,-22.93777778,-46.93361111,1,2012,2018,7
ATIB 02065,CETESB,Rio Atibaia,SP,-22.905,-46.97388889,1,2012,2018,7
ATIB 02300,CETESB,Rio Atibaia,SP,-22.75694444,-47.11083333,1,2012,2018,7
ATIB 02605,CETESB,Rio Atibaia,SP,-22.76305556,-47.155,1,2012,2018,7
ATIB 02605 ou ATIB02605,CETESB,Rio Atibaia,SP,-22.763056,-47.155,5,1978,2020,41
ATIB 02800,CETESB,Rio Atibaia,SP,-22.76138889,-47.17333333,1,2012,2018,7
ATIB 02900,CETESB,Rio Atibaia,SP,-22.69833333,-47.29083333,1,2012,2018,7
ATIB02010,CETESB,Rio Atibaia,SP,-23.103333,-46.545,5,1995,2021,26
ATIB02030,CETESB,Rio Atibaia,SP,-22.969167,-46.847778,5,2000,2021,21
ATIB02035,CETESB,Rio Atibaia,SP,-22.937778,-46.933611,5,2000,2021,21
ATIB02065,CETESB,Rio Atibaia,SP,-22.905,-46.973889,5,1979,2021,42
ATIB02300,CETESB,Rio Atibaia,SP,-22.756944,-47.110833,5,2000,2021,21
ATIB02800,CETESB,Rio Atibaia,SP,-22.761389,-47.173333,5,2000,2021,21
ATIB02900,CETESB,Rio Atibaia,SP,-22.698333,-47.290833,5,2000,2021,21
ATSG02800,CETESB,Reservatório de Salto Grande (UGRHI 05),SP,-22.7161,-47.2672,5,2017,2021,4
AVEC02800,CETESB,Ribeirão Avecuia,SP,-23.2025,-47.5022,5,2017,2021,4
BAGR 04020,CETESB,Ribeirão dos Bagres,SP,-20.52055556,-47.37444444,1,2012,2018,7
BAGR 04020 ou BAGR04020,CETESB,Ribeirão dos Bagres,SP,-20.520556,-47.374444,5,2000,2020,18
BAGR 04500,CETESB,Ribeirão dos Bagres,SP,-20.555,-47.41388889,1,2012,2018,7
BAGR 04500 ou BAGR04500,CETESB,Ribeirão dos Bagres,SP,-20.555,-47.413889,5,1979,2020,39
BAGR 04600,CETESB,Ribeirão dos Bagres,SP,-20.63083333,-47.47166667,1,2012,2018,7
BAGR 04950,CETESB,Ribeirão dos Bagres,SP,-20.69527778,-47.57083333,1,2012,2018,7
BAGR 04950 ou BAGR04950,CETESB,Ribeirão dos Bagres,SP,-20.695278,-47.570833,5,2000,2020,19
BAGR04600,CETESB,Ribeirão dos Bagres,SP,-20.630833,-47.471667,5,2000,2021,21
BAGU 02700,CETESB,Ribeirão Baguaçu,SP,-21.22194444,-50.42861111,1,2012,2018,7
BAGU02700,CETESB,Ribeirão Baguaçu,SP,-21.221944,-50.428611,5,2001,2021,20
BAIN 02950,CETESB,Rio Atibainha,SP,-23.11277778,-46.47861111,1,2012,2018,7
BAIN02950,CETESB,Rio Atibainha,SP,-23.112778,-46.478611,5,2003,2021,18
BARI02950,CETESB,Rio Lambari,SP,-21.6592,-46.5664,3,2020,2021,2
BATA 02050,CETESB,Rio Batalha,SP,-22.38083333,-49.11527778,1,2012,2018,7
BATA 02300,CETESB,Rio Batalha,SP,-22.13861111,-49.28,1,2016,2018,3
BATA 02800,CETESB,Rio Batalha,SP,-21.88722222,-49.23472222,1,2012,2018,7
BATA02050,CETESB,Rio Batalha,SP,-22.380833,-49.115278,5,2001,2021,20
BATA02300,CETESB,Rio Batalha,SP,-22.138611,-49.28,5,2016,2021,5
BATA02800,CETESB,Rio Batalha,SP,-21.887222,-49.234722,5,2001,2021,20
BBRA02700,CETESB,Braço do Ribeirão Santa Bárbara - UGRHI 19,SP,-21.0778,-50.1114,5,2020,2021,2
BEBE04500,CETESB,Córr. Bebedouro,SP,-20.9139,-48.4583,5,2020,2021,2
BEBE04800,CETESB,Córr. Bebedouro,SP,-20.8297,-48.4447,5,2019,2019,1
BESP 04900,CETESB,Córrego da Boa Esperança,SP,-21.54583333,-50.97444444,1,2016,2018,3
BESP04900,CETESB,Córrego da Boa Esperança,SP,-21.545833,-50.974444,5,2016,2021,5
BFAR02250,CETESB,Braço do Ribeirão da Fartura,SP,-21.1917,-49.6875,5,2020,2021,2
BILU 02900,CETESB,Córrego da Biluca,SP,-20.85333333,-49.4325,1,2012,2018,7
BILU02900,CETESB,Córrego da Biluca,SP,-20.853333,-49.4325,5,2009,2021,12
BJAU 03300,CETESB,Braço do rio Jaú,SP,-22.19083333,-48.67694444,1,2016,2018,3
BJAU03300,CETESB,Braço do rio Jaú,SP,-22.190833,-48.676944,5,2016,2021,5
BMAN02250,CETESB,Braço do Rio Barra Mansa,SP,-21.2317,-49.5289,5,2020,2021,2
BPEN 02400,CETESB,Braço do Rib. Ponte Pensa,SP,-20.29666667,-50.92444444,1,2013,2018,6
BPEN02400,CETESB,Braço do Rib. Ponte Pensa,SP,-20.296667,-50.924444,5,2013,2021,8
BQGU 03150,CETESB,Rio Baquirivu-Guaçu,SP,-23.41361111,-46.37166667,1,2012,2018,7
BQGU03150,CETESB,Rio Baquirivu-Guaçu,SP,-23.413611,-46.371667,5,1989,2021,22
BROA02800,CETESB,Represa do Broa,SP,-22.1767,-47.8994,5,2017,2021,4
BSJD 02200,CETESB,Braço do Rio São José dos Dourados,SP,-20.55305556,-51.01111111,1,2013,2018,6
BSJD 02900,CETESB,Braço do Rio São José dos Dourados,SP,-20.43277778,-51.25777778,1,2013,2018,6
BSJD02200,CETESB,Braço do Rio São José dos Dourados,SP,-20.553056,-51.011111,5,2013,2021,8
BSJD02900,CETESB,Braço do Rio São José dos Dourados,SP,-20.432778,-51.257778,5,2013,2021,8
BUKI 02950,CETESB,Rio Buquira,SP,-23.15,-45.89833333,1,2016,2018,3
BUKI02950,CETESB,Rio Buquira,SP,-23.15,-45.898333,5,2016,2021,5
CABU 04700,CETESB,Rio Cabuçu,SP,-23.47361111,-46.56138889,1,2012,2018,7
CABU04700,CETESB,Rio Cabuçu,SP,-23.473611,-46.561389,5,2007,2021,14
CACH 00500,CETESB,Reservatório do Rio Cachoeira,SP,-23.03361111,-46.29,1,2014,2018,5
CACH00500,CETESB,Reservatório do Rio Cachoeira,SP,-23.033611,-46.29,5,2014,2021,7
CANO 02001,CETESB,Rio Canoas,SP,-21.42222222,-46.99583333,1,2016,2018,3
CANO 02800,CETESB,Rio Canoas,SP,-21.47055556,-47.09388889,1,2016,2018,3
CANO02001,CETESB,Rio Canoas,SP,-21.422222,-46.995833,5,2016,2021,5
CANO02800,CETESB,Rio Canoas,SP,-21.470556,-47.093889,5,2016,2021,5
CARM 04400,CETESB,Rio do Carmo,SP,-20.27972222,-47.79694444,1,2012,2018,7
CARM04400,CETESB,Rio do Carmo,SP,-20.279722,-47.796944,5,2009,2021,12
CASC 02050,CETESB,Reservatório Cascata,SP,-22.21333333,-49.92277778,1,2012,2018,7
CASC02050,CETESB,Reservatório Cascata,SP,-22.213333,-49.922778,5,2001,2021,20
CAXO 02800,CETESB,Rio Cachoeira,SP,-23.09527778,-46.44194444,1,2012,2018,7
CAXO02800,CETESB,Rio Cachoeira,SP,-23.095278,-46.441944,5,2003,2021,18
CMDC 02050,CETESB,Rio Camanducaia,SP,-22.72444444,-46.62444444,1,2012,2018,7
CMDC 02100,CETESB,Rio Camanducaia,SP,-22.70472222,-46.695,1,2012,2018,7
CMDC 02300,CETESB,Rio Camanducaia,SP,-22.7025,-46.74944444,1,2012,2018,7
CMDC 02400,CETESB,Rio Camanducaia,SP,-22.68916667,-46.88083333,1,2012,2018,7
CMDC 02900,CETESB,Rio Camanducaia,SP,-22.66166667,-47.00305556,1,2012,2018,7
CMDC02050,CETESB,Rio Camanducaia,SP,-22.724444,-46.624444,5,2003,2021,18
CMDC02100,CETESB,Rio Camanducaia,SP,-22.704722,-46.695,5,2002,2021,19
CMDC02300,CETESB,Rio Camanducaia,SP,-22.7025,-46.749444,5,2000,2021,21
CMDC02400,CETESB,Rio Camanducaia,SP,-22.689167,-46.880833,5,2000,2021,21
CMDC02900,CETESB,Rio Camanducaia,SP,-22.661667,-47.003056,5,1995,2021,26
COCH 02850,CETESB,Rio das Conchas,SP,-22.98777778,-48.01277778,1,2012,2018,7
COCH02850,CETESB,Rio das Conchas,SP,-22.987778,-48.012778,5,2010,2021,11
CPIV 02030,CETESB,Rio Capivari,SP,-23.115,-46.8525,1,2012,2018,7
CPIV 02030 ou CPIV02030,CETESB,Rio Capivari,SP,-23.115,-46.8525,5,2000,2020,20
CPIV 02060,CETESB,Rio Capivari,SP,-23.10166667,-46.92222222,1,2012,2018,7
CPIV 02060 ou CPIV02060,CETESB,Rio Capivari,SP,-23.101667,-46.922222,5,2000,2020,20
CPIV 02100,CETESB,Rio Capivari,SP,-23.06361111,-46.98416667,1,2012,2018,7
CPIV 02100 ou CPIV02100,CETESB,Rio Capivari,SP,-23.063611,-46.984167,5,2000,2020,20
CPIV 02130,CETESB,Rio Capivari,SP,-23.00611111,-47.1,1,2012,2018,7
CPIV 02160,CETESB,Rio Capivari,SP,-22.955,-47.24361111,1,2012,2018,7
CPIV 02160 ou CPIV02160,CETESB,Rio Capivari,SP,-22.955,-47.243611,5,2000,2020,20
CPIV 02200,CETESB,Rio Capivari,SP,-22.95944444,-47.2975,1,2012,2018,7
CPIV 02700,CETESB,Rio Capivari,SP,-22.99944444,-47.53111111,1,2012,2018,7
CPIV 02900,CETESB,Rio Capivari,SP,-22.98916667,-47.75472222,1,2012,2018,7
CPIV02130,CETESB,Rio Capivari,SP,-23.006111,-47.1,5,1995,2021,26
CPIV02200,CETESB,Rio Capivari,SP,-22.959444,-47.2975,5,1978,2021,43
CPIV02700,CETESB,Rio Capivari,SP,-22.999444,-47.531111,5,2003,2021,18
CPIV02900,CETESB,Rio Capivari,SP,-22.989167,-47.754722,5,1997,2021,24
CRIS 03400,CETESB,Ribeirão dos Cristais,SP,-23.33166667,-46.82472222,1,2012,2018,7
CRIS03400,CETESB,Ribeirão dos Cristais,SP,-23.331667,-46.824722,5,1999,2021,22
CRUM 02050,CETESB,Rio Corumbataí,SP,-22.12916667,-47.66805556,1,2012,2018,7
CRUM 02080,CETESB,Rio Corumbataí,SP,-22.32472222,-47.55888889,1,2012,2018,7
CRUM 02100,CETESB,Rio Corumbataí,SP,-22.34694444,-47.57,1,2012,2018,7
CRUM 02100 ou CRUM02100,CETESB,Rio Corumbataí,SP,-22.346944,-47.57,5,2000,2019,19
CRUM 02200,CETESB,Rio Corumbataí,SP,-22.515,-47.62388889,1,2012,2018,7
CRUM 02300,CETESB,Rio Corumbataí,SP,-22.58138889,-47.68361111,1,2012,2018,7
CRUM 02500,CETESB,Rio Corumbataí,SP,-22.63361111,-47.68277778,1,2012,2018,7
CRUM 02900,CETESB,Rio Corumbataí,SP,-22.68444444,-47.67694444,1,2012,2016,5
CRUM 02900,CETESB,Rio Corumbataí,SP,-22.684444,-47.676944,5,2000,2016,16
CRUM02050,CETESB,Rio Corumbataí,SP,-22.129167,-47.668056,5,2002,2021,19
CRUM02080,CETESB,Rio Corumbataí,SP,-22.324722,-47.558889,5,2010,2021,11
CRUM02200,CETESB,Rio Corumbataí,SP,-22.515,-47.623889,5,2001,2021,20
CRUM02300,CETESB,Rio Corumbataí,SP,-22.581389,-47.683611,5,2000,2021,20
CRUM02500,CETESB,Rio Corumbataí,SP,-22.633611,-47.682778,5,1978,2021,43
CRUM02850,CETESB,Rio Corumbataí,SP,-22.6792,-47.6753,5,2017,2021,4
CXBU 02900,CETESB,Ribeirao do Caxambu,SP,-23.16416667,-47.015,1,2012,2018,7
CXBU 02900 ou CXBU02900,CETESB,Ribeirao do Caxambu,SP,-23.164167,-47.015,5,2010,2020,10
CXEI 02550,CETESB,Rio da Cachoeirinha,SP,-20.70305556,-48.89416667,1,2015,2018,4
CXEI 02900,CETESB,Rio da Cachoeirinha,SP,-20.61694444,-49.055,1,2012,2018,7
CXEI02550,CETESB,Rio da Cachoeirinha,SP,-20.703056,-48.894167,5,2015,2021,6
CXEI02900,CETESB,Rio da Cachoeirinha,SP,-20.616944,-49.055,5,2011,2021,10
DADO 02600,CETESB,Rio Dourado,SP,-21.81,-49.48611111,1,2014,2018,5
DADO02600,CETESB,Rio Dourado,SP,-21.81,-49.486111,5,2014,2021,7
DEMB02800,CETESB,Córr. Mandembo,SP,-20.8381,-48.4831,5,2020,2021,2
EIXE 02225,CETESB,Rio do Peixe-UGRHI 10,SP,-23.01777778,-48.12833333,1,2012,2018,7
EIXE02225,CETESB,Rio do Peixe-UGRHI 10,SP,-23.017778,-48.128333,5,2010,2021,11
ENHA 02900,CETESB,Ribeirão da Penha,SP,-22.40611111,-46.83972222,1,2014,2018,5
ENHA02900,CETESB,Ribeirão da Penha,SP,-22.406111,-46.839722,5,2014,2021,7
ERAZ 02700,CETESB,Ribeirão Ferraz,SP,-22.35416667,-47.18194444,1,2012,2018,7
ERAZ 02990,CETESB,Ribeirão Ferraz,SP,-22.29611111,-47.18166667,1,2012,2018,7
ERAZ02700,CETESB,Ribeirão Ferraz,SP,-22.354167,-47.181944,5,2002,2021,19
ERAZ02990,CETESB,Ribeirão Ferraz,SP,-22.296111,-47.181667,5,2002,2021,19
ESGT 02050,CETESB,Córrego do Esgotão,SP,-21.46222222,-49.58361111,1,2012,2018,7
ESGT02050,CETESB,Córrego do Esgotão,SP,-21.462222,-49.583611,5,2010,2021,11
FRUT 02800,CETESB,Córrego do Frutal,SP,-21.20777778,-50.65138889,1,2015,2018,4
FRUT02800,CETESB,Córrego do Frutal,SP,-21.207778,-50.651389,5,2015,2021,6
GERT 02500,CETESB,Córrego Santa Gertrudes,SP,-22.45277778,-47.52,1,2012,2018,7
GERT02500,CETESB,Córrego Santa Gertrudes,SP,-22.452778,-47.52,5,2006,2021,15
GRAM02950,,,SP,-21.5778,-46.6219,3,2021,2021,1
GRDE 02300,CETESB,"Rio Grande - UGRHI 08, 12 e 15",SP,-20.02416667,-48.23444444,1,2012,2018,7
GRDE 02400,CETESB,"Rio Grande - UGRHI 08, 12 e 15",SP,-20.16361111,-48.68972222,1,2016,2018,3
GRDE 02500,CETESB,"Rio Grande - UGRHI 08, 12 e 15",SP,-20.30444444,-49.20722222,1,2016,2018,3
GRDE 02800,CETESB,"Rio Grande - UGRHI 08, 12 e 15",SP,-19.84861111,-50.36833333,1,2013,2018,6
GRDE02300,CETESB,"Rio Grande - UGRHI 08, 12 e 15",SP,-20.024167,-48.234444,5,2001,2021,20
GRDE02400,CETESB,"Rio Grande - UGRHI 08, 12 e 15",SP,-20.163611,-48.689722,5,2016,2021,5
GRDE02500,CETESB,"Rio Grande - UGRHI 08, 12 e 15",SP,-20.304444,-49.207222,5,1978,2021,26
GRDE02800,CETESB,"Rio Grande - UGRHI 08, 12 e 15",SP,-19.848611,-50.368333,5,2013,2021,8
IACR 03750,CETESB,Rio Iacri,SP,-21.82527778,-50.42277778,1,2014,2018,5
IACR03750,CETESB,Rio Iacri,SP,-21.825278,-50.422778,5,2014,2021,7
IADE 04500,CETESB,Córrego da Piedade,SP,-20.81777778,-49.435,1,2012,2018,7
IADE04500,CETESB,Córrego da Piedade,SP,-20.817778,-49.435,5,2009,2021,12
IRIS 02100,CETESB,Rio Piraí,SP,-23.26194444,-47.05777778,1,2012,2018,7
IRIS 02200,CETESB,Rio Piraí,SP,-23.24777778,-47.07333333,1,2012,2018,7
IRIS 02250,CETESB,Rio Piraí,SP,-23.25027778,-47.09361111,1,2012,2018,7
IRIS 02400,CETESB,Rio Piraí,SP,-23.26222222,-47.12027778,1,2012,2018,7
IRIS 02400 ou IRIS02400,CETESB,Rio Piraí,SP,-23.262222,-47.120278,5,2000,2020,20
IRIS 02600,CETESB,Rio Piraí,SP,-23.25638889,-47.17611111,1,2012,2018,7
IRIS 02600 ou IRIS02600,CETESB,Rio Piraí,SP,-23.256389,-47.176111,5,2000,2020,20
IRIS 02900,CETESB,Rio Piraí,SP,-23.18305556,-47.24388889,1,2012,2018,7
IRIS02100,CETESB,Rio Piraí,SP,-23.261944,-47.057778,5,2000,2021,21
IRIS02200,CETESB,Rio Piraí,SP,-23.247778,-47.073333,5,2000,2021,21
IRIS02250,CETESB,Rio Piraí,SP,-23.250278,-47.093611,5,2000,2021,21
IRIS02900,CETESB,Rio Piraí,SP,-23.183056,-47.243889,5,1998,2021,23
ISOL 02995,CETESB,Reservatório de Ilha Solteira,SP,-20.37638889,-51.375,1,2013,2018,6
ISOL02995,CETESB,Reservatório de Ilha Solteira,SP,-20.376389,-51.375,5,2013,2021,8
JAGI 00350,CETESB,Rio Jaguari - UGRHI 02,SP,-23.33,-46.28055556,1,2012,2018,7
JAGI 02900,CETESB,Rio Jaguari - UGRHI 02,SP,-23.1725,-45.91361111,1,2012,2018,7
JAGI00350,CETESB,Rio Jaguari - UGRHI 02,SP,-23.33,-46.280556,5,2012,2021,9
JAGI02900,CETESB,Rio Jaguari - UGRHI 02,SP,-23.1725,-45.913611,5,1995,2021,26
JAGJ 00200,CETESB,Reservatório do Jaguari - UGRHI 02,SP,-23.29388889,-46.23388889,1,2012,2018,7
JAGJ 00900,CETESB,Reservatório do Jaguari - UGRHI 02,SP,-23.19361111,-46.0275,1,2012,2018,7
JAGJ00200,CETESB,Reservatório do Jaguari - UGRHI 02,SP,-23.293889,-46.233889,5,1978,2021,40
JAGJ00900,CETESB,Reservatório do Jaguari - UGRHI 02,SP,-23.193611,-46.0275,5,2008,2021,13
JAGR 00002,CETESB,Rio Jaguari - UGRHI 05,SP,-22.88138889,-46.39111111,1,2012,2018,7
JAGR 00005,CETESB,Rio Jaguari - UGRHI 05,SP,-22.915,-46.42805556,1,2012,2018,7
JAGR 00005 ou JAGR00005,CETESB,Rio Jaguari - UGRHI 05,SP,-22.915,-46.428056,5,2003,2020,17
JAGR 02010,CETESB,Rio Jaguari - UGRHI 05,SP,-22.90833333,-46.54361111,1,2012,2018,7
JAGR 02100,CETESB,Rio Jaguari - UGRHI 05,SP,-22.8775,-46.60722222,1,2012,2018,7
JAGR 02200,CETESB,Rio Jaguari - UGRHI 05,SP,-22.74666667,-46.89777778,1,2012,2018,7
JAGR 02300,CETESB,Rio Jaguari - UGRHI 05,SP,-22.71222222,-46.97138889,1,2012,2018,7
JAGR 02400,CETESB,Rio Jaguari - UGRHI 05,SP,-22.70416667,-47.01416667,1,2012,2018,7
JAGR 02400 ou JAGR02400,CETESB,Rio Jaguari - UGRHI 05,SP,-22.704167,-47.014167,5,2000,2020,20
JAGR 02500,CETESB,Rio Jaguari - UGRHI 05,SP,-22.69888889,-47.15194444,1,2012,2018,7
JAGR 02800,CETESB,Rio Jaguari - UGRHI 05,SP,-22.66222222,-47.27777778,1,2012,2018,7
JAGR00002,CETESB,Rio Jaguari - UGRHI 05,SP,-22.881389,-46.391111,5,2004,2021,17
JAGR02010,CETESB,Rio Jaguari - UGRHI 05,SP,-22.908333,-46.543611,5,2000,2021,21
JAGR02100,CETESB,Rio Jaguari - UGRHI 05,SP,-22.8775,-46.607222,5,2001,2021,20
JAGR02200,CETESB,Rio Jaguari - UGRHI 05,SP,-22.746667,-46.897778,5,2000,2021,21
JAGR02300,CETESB,Rio Jaguari - UGRHI 05,SP,-22.712222,-46.971389,5,2000,2021,21
JAGR02500,CETESB,Rio Jaguari - UGRHI 05,SP,-22.698889,-47.151944,5,2001,2021,20
JAGR02800,CETESB,Rio Jaguari - UGRHI 05,SP,-22.662222,-47.277778,5,1978,2021,43
JAHU 02500,CETESB,Rio Jaú,SP,-22.3025,-48.54027778,1,2014,2018,5
JAHU02500,CETESB,Rio Jaú,SP,-22.3025,-48.540278,5,2014,2021,7
JAMI 02001,CETESB,Rio Jaguari-Mirim,SP,-22.09222222,-46.65194444,1,2016,2018,3
JAMI 02300,CETESB,Rio Jaguari-Mirim,SP,-21.88305556,-46.86944444,1,2015,2018,4
JAMI 02500,CETESB,Rio Jaguari-Mirim,SP,-21.99055556,-47.03861111,1,2012,2018,7
JAMI02001,CETESB,Rio Jaguari-Mirim,SP,-22.092222,-46.651944,5,2016,2021,5
JAMI02300,CETESB,Rio Jaguari-Mirim,SP,-21.883056,-46.869444,5,2005,2021,11
JAMI02500,CETESB,Rio Jaguari-Mirim,SP,-21.990556,-47.038611,5,2005,2021,16
JARD 04800,CETESB,Ribeirão do Jardim,SP,-20.26416667,-48.34694444,1,2016,2018,3
JARD04800,CETESB,Ribeirão do Jardim,SP,-20.264167,-48.346944,5,2016,2021,5
JARI 00800,CETESB,Reservatório Jaguari - UGRHI 05,SP,-22.92777778,-46.42416667,1,2012,2018,7
JARI00800,CETESB,Reservatório Jaguari - UGRHI 05,SP,-22.927778,-46.424167,5,2008,2021,13
JCBA02950,CETESB,Ribeirão Jacuba,SP,-22.8417,-47.2531,5,2018,2021,3
JCGU 03200,CETESB,Rio Jacaré-Guaçu,SP,-22.01611111,-48.12444444,1,2012,2018,7
JCGU 03400,CETESB,Rio Jacaré-Guaçu,SP,-21.86583333,-48.27833333,1,2012,2018,7
JCGU 03900,CETESB,Rio Jacaré-Guaçu,SP,-21.82583333,-48.8325,1,2012,2018,7
JCGU03200,CETESB,Rio Jacaré-Guaçu,SP,-22.016111,-48.124444,5,2011,2021,10
JCGU03400,CETESB,Rio Jacaré-Guaçu,SP,-21.865833,-48.278333,5,2001,2021,20
JCGU03900,CETESB,Rio Jacaré-Guaçu,SP,-21.825833,-48.8325,5,1978,2021,42
JCRE 00500,CETESB,Reservatório do Rio Jacareí-UGHRI -5,SP,-22.97111111,-46.40083333,1,2014,2018,5
JCRE00500,CETESB,Reservatório do Rio Jacareí-UGHRI -5,SP,-22.971111,-46.400833,5,2014,2021,7
JIBU 02750,CETESB,Rio Pirajibú,SP,-23.4211,-47.3528,5,2018,2018,1
JIBU 02900,CETESB,Rio Pirajibú,SP,-23.415,-47.43888889,1,2012,2018,7
JIBU02900,CETESB,Rio Pirajibú,SP,-23.415,-47.438889,5,2005,2021,16
JPEP 03150,CETESB,Rio Jacaré-Pepira,SP,-22.29166667,-48.12916667,1,2014,2018,5
JPEP 03500,CETESB,Rio Jacaré-Pepira,SP,-22.07888889,-48.44166667,1,2012,2018,7
JPEP 03600,CETESB,Rio Jacaré-Pepira,SP,-22.07333333,-48.48666667,1,2012,2018,7
JPEP03150,CETESB,Rio Jacaré-Pepira,SP,-22.291667,-48.129167,5,2014,2021,7
JPEP03500,CETESB,Rio Jacaré-Pepira,SP,-22.078889,-48.441667,5,1979,2021,42
JPEP03600,CETESB,Rio Jacaré-Pepira,SP,-22.073333,-48.486667,5,2010,2021,11
JQJU 00900,CETESB,Reservatório do Juqueri ou Paiva Castro,SP,-23.34027778,-46.6625,1,2012,2018,7
JQJU00900,CETESB,Reservatório do Juqueri ou Paiva Castro,SP,-23.340278,-46.6625,5,1978,2021,43
JQRI 03300,CETESB,Rio Juqueri,SP,-23.3325,-46.70527778,1,2013,2018,6
JQRI 03800,CETESB,Rio Juqueri,SP,-23.4025,-46.83583333,1,2012,2018,7
JQRI03300,CETESB,Rio Juqueri,SP,-23.3325,-46.705278,5,2013,2021,8
JQRI03800,CETESB,Rio Juqueri,SP,-23.4025,-46.835833,5,1978,2021,43
JUMI 00100,CETESB,Ribeirão Jundiaí-Mirim,SP,-23.12166667,-46.77083333,1,2012,2018,7
JUMI 00100 ou JUMI00100,CETESB,Ribeirão Jundiaí-Mirim,SP,-23.121667,-46.770833,5,2000,2020,20
JUMI 00250,CETESB,Ribeirão Jundiaí-Mirim,SP,-23.14638889,-46.80611111,1,2012,2018,7
JUMI 00250 ou JUMI00250,CETESB,Ribeirão Jundiaí-Mirim,SP,-23.146389,-46.806111,5,2000,2020,20
JUMI 00500,CETESB,Ribeirão Jundiaí-Mirim,SP,-23.14527778,-46.85111111,1,2012,2018,7
JUMI 00800,CETESB,Ribeirão Jundiaí-Mirim,SP,-23.15833333,-46.90944444,1,2012,2018,7
JUMI00500,CETESB,Ribeirão Jundiaí-Mirim,SP,-23.145278,-46.851111,5,2000,2021,21
JUMI00800,CETESB,Ribeirão Jundiaí-Mirim,SP,-23.158333,-46.909444,5,2000,2021,21
JUNA 02010,CETESB,Rio Jundiaí - UGRHI 05,SP,-23.20833333,-46.76861111,1,2012,2018,7
JUNA 02020,CETESB,Rio Jundiaí - UGRHI 05,SP,-23.20361111,-46.77305556,1,2012,2018,7
JUNA 02020 ou JUNA02020,CETESB,Rio Jundiaí - UGRHI 05,SP,-23.203611,-46.773056,5,1978,2020,42
JUNA 02100,CETESB,Rio Jundiaí - UGRHI 05,SP,-23.20805556,-46.80833333,1,2012,2018,7
JUNA 02100 ou JUNA02100,CETESB,Rio Jundiaí - UGRHI 05,SP,-23.208056,-46.808333,5,2000,2020,20
JUNA 03190 ou JUNA03190,CETESB,Rio Jundiaí - UGRHI 05,SP,-23.1469,-47.0228,5,2002,2020,18
JUNA 03270,CETESB,Rio Jundiaí - UGRHI 05,SP,-23.10833333,-47.18027778,1,2012,2018,7
JUNA 03700 ou JUNA03700,CETESB,Rio Jundiaí - UGRHI 05,SP,-23.195,-47.2686,5,2002,2020,18
JUNA02010,CETESB,Rio Jundiaí - UGRHI 05,SP,-23.208333,-46.768611,5,2000,2021,21
JUNA03150,CETESB,Rio Jundiaí - UGRHI 05,SP,-23.1936,-46.8694,5,2000,2021,21
JUNA03200,CETESB,Rio Jundiaí - UGRHI 05,SP,-23.1383,-47.0847,5,2000,2021,21
JUNA03270,CETESB,Rio Jundiaí - UGRHI 05,SP,-23.108333,-47.180278,5,1978,2021,43
JUNA03900,CETESB,Rio Jundiaí - UGRHI 05,SP,-23.21,-47.2911,5,1993,2021,28
JUZI 02400,CETESB,Rio Jundiazinho,SP,-23.22944444,-46.62888889,1,2012,2018,7
JUZI02400,CETESB,Rio Jundiazinho,SP,-23.229444,-46.628889,5,2010,2021,11
KERI02900,CETESB,Ribeirão Itaqueri,SP,-22.2281,-47.8708,5,2018,2021,3
KNOA 02500 ou KNOA02500,CETESB,Rio Canoas,SP,-20.4303,-47.2939,5,2018,2020,2
LAGE 02500,CETESB,Ribeirão Lageado,SP,-21.43611111,-50.05638889,1,2012,2018,7
LAGE02500,CETESB,Ribeirão Lageado,SP,-21.436111,-50.056389,5,2001,2021,20
LAPE 04850 ou LAPE04850,CETESB,Ribeirão Lavapés - UGRHI 5,SP,-22.9156,-46.5475,5,2017,2020,3
LAPE 04900,CETESB,Ribeirão Lavapés - UGRHI 5,SP,-22.90333333,-46.54722222,1,2012,2016,5
LAPE 04900,CETESB,Ribeirão Lavapés - UGRHI 5,SP,-22.903333,-46.547222,5,2004,2016,13
LARO 02500,CETESB,Rio Claro - UGRHI 05,SP,-22.40916667,-47.54027778,1,2012,2018,7
LARO 02900,CETESB,Rio Claro - UGRHI 05,SP,-22.47944444,-47.58638889,1,2012,2018,7
LARO02500,CETESB,Rio Claro - UGRHI 05,SP,-22.409167,-47.540278,5,2010,2021,11
LARO02900,CETESB,Rio Claro - UGRHI 05,SP,-22.479444,-47.586389,5,2005,2021,16
LAVP03055,CETESB,Ribeirão Lavapés - UGHRI 10,SP,-22.9125,-48.4467,5,2016,2021,5
LENS 02500,CETESB,Rio Lençóis,SP,-22.59694444,-48.80388889,1,2012,2018,7
LENS 03950,CETESB,Rio Lençóis,SP,-22.50444444,-48.62222222,1,2012,2018,7
LENS02500,CETESB,Rio Lençóis,SP,-22.596944,-48.803889,5,2001,2021,20
LENS03950,CETESB,Rio Lençóis,SP,-22.504444,-48.622222,5,2008,2021,13
MARI 04250,CETESB,Ribeirão do Marinheiro,SP,-20.2925,-50.07972222,1,2013,2018,6
MARI04250,CETESB,Ribeirão do Marinheiro,SP,-20.2925,-50.079722,5,2013,2021,8
MATA 04900,CETESB,Córrego Matadouro - UGRHI 15,SP,-20.73111111,-48.92055556,1,2015,2018,4
MATA04900,CETESB,Córrego Matadouro - UGRHI 15,SP,-20.731111,-48.920556,5,2015,2021,6
MEIO 02900,CETESB,Ribeirão do Meio,SP,-22.09722222,-47.27027778,1,2012,2018,7
MEIO02900,CETESB,Ribeirão do Meio,SP,-22.097222,-47.270278,5,2002,2021,19
MOCA 02990,CETESB,Reservatório Cachoeira de Cima,SP,-22.37833333,-46.89972222,1,2012,2018,7
MOCA02990,CETESB,Reservatório Cachoeira de Cima,SP,-22.378333,-46.899722,5,2001,2021,20
MOGU 02100,CETESB,Rio Mogi-Guaçu,SP,-22.26583333,-46.69194444,1,2012,2018,7
MOGU 02160,CETESB,Rio Mogi-Guaçu,SP,-22.36361111,-46.96972222,1,2012,2018,7
MOGU 02200,CETESB,Rio Mogi-Guaçu,SP,-22.29888889,-47.13222222,1,2012,2018,7
MOGU 02210,CETESB,Rio Mogi-Guaçu,SP,-22.28916667,-47.18527778,1,2012,2018,7
MOGU 02250,CETESB,Rio Mogi-Guaçu,SP,-22.09638889,-47.25527778,1,2012,2018,7
MOGU 02260,CETESB,Rio Mogi-Guaçu,SP,-22.09638889,-47.25527778,1,2012,2016,5
MOGU 02300,CETESB,Rio Mogi-Guaçu,SP,-21.94166667,-47.31972222,1,2012,2018,7
MOGU 02350,CETESB,Rio Mogi-Guaçu,SP,-21.92555556,-47.36833333,1,2012,2018,7
MOGU 02450,CETESB,Rio Mogi-Guaçu,SP,-21.84361111,-47.49472222,1,2012,2018,7
MOGU 02490,CETESB,Rio Mogi-Guaçu,SP,-21.72416667,-47.63916667,1,2012,2018,7
MOGU 02800,CETESB,Rio Mogi-Guaçu,SP,-21.20222222,-48.17138889,1,2012,2018,7
MOGU 02900,CETESB,Rio Mogi-Guaçu,SP,-21.01222222,-48.17222222,1,2012,2018,7
MOGU02100,CETESB,Rio Mogi-Guaçu,SP,-22.265833,-46.691944,5,2001,2021,20
MOGU02160,CETESB,Rio Mogi-Guaçu,SP,-22.363611,-46.969722,5,2001,2021,20
MOGU02200,CETESB,Rio Mogi-Guaçu,SP,-22.298889,-47.132222,5,1978,2021,42
MOGU02210,CETESB,Rio Mogi-Guaçu,SP,-22.289167,-47.185278,5,2001,2021,20
MOGU02250,CETESB,Rio Mogi-Guaçu,SP,-22.096389,-47.255278,5,2001,2021,20
MOGU02270,CETESB,Rio Mogi-Guaçu,SP,-22.0511,-47.2714,5,2017,2021,4
MOGU02300,CETESB,Rio Mogi-Guaçu,SP,-21.941667,-47.319722,5,1978,2021,42
MOGU02350,CETESB,Rio Mogi-Guaçu,SP,-21.925556,-47.368333,5,2001,2021,19
MOGU02450,CETESB,Rio Mogi-Guaçu,SP,-21.843611,-47.494722,5,2001,2021,20
MOGU02490,CETESB,Rio Mogi-Guaçu,SP,-21.724167,-47.639167,5,2001,2021,20
MOGU02800,CETESB,Rio Mogi-Guaçu,SP,-21.202222,-48.171389,5,2010,2021,11
MOGU02900,CETESB,Rio Mogi-Guaçu,SP,-21.012222,-48.172222,5,1978,2021,42
MOIN 02600,CETESB,Ribeirão do Moinho,SP,-20.99888889,-51.42194444,1,2013,2018,6
MOIN02600,CETESB,Ribeirão do Moinho,SP,-20.998889,-51.421944,5,2013,2021,8
MOMI 03800,CETESB,Rio Mogi Mirim,SP,-22.39444444,-46.97194444,1,2012,2018,7
MOMI03800,CETESB,Rio Mogi Mirim,SP,-22.394444,-46.971944,5,2002,2021,19
MONJ 04400,CETESB,Rio Monjolinho,SP,-22.035,-47.9575,1,2012,2018,7
MONJ04400,CETESB,Rio Monjolinho,SP,-22.035,-47.9575,5,2011,2021,10
NOVO 02450,CETESB,Rio Novo,SP,-22.99833333,-48.84,1,2012,2018,7
NOVO02450,CETESB,Rio Novo,SP,-22.998333,-48.84,5,2010,2021,11
NUMA 04900,CETESB,Ribeirão Anhumas,SP,-22.76555556,-47.1,1,2012,2018,7
NUMA04900,CETESB,Ribeirão Anhumas,SP,-22.765556,-47.1,5,2000,2021,21
OLHO 02690,CETESB,Córrego dos Olhos d Água,SP,-20.72861111,-48.91444444,1,2015,2018,4
OLHO02690,CETESB,Córrego dos Olhos d Água,SP,-20.728611,-48.914444,5,2015,2021,6
ONCA 02500,CETESB,Ribeirão da Onça (UGRHI15),SP,-21.07805556,-48.79194444,1,2012,2018,7
ONCA02500,CETESB,Ribeirão da Onça (UGRHI15),SP,-21.078056,-48.791944,5,1981,2021,39
OQUE 02900,CETESB,Ribeirão do Roque,SP,-22.02722222,-47.30388889,1,2012,2018,7
OQUE02900,CETESB,Ribeirão do Roque,SP,-22.027222,-47.303889,5,2002,2021,19
ORIZ 02900,CETESB,Rio Oriçanga,SP,-22.28361111,-47.04361111,1,2012,2018,7
ORIZ02900,CETESB,Rio Oriçanga,SP,-22.283611,-47.043611,5,2002,2021,19
PADO 02400,CETESB,Rio Pardo - UGRHI 17,SP,-22.87861111,-49.23972222,1,2016,2018,3
PADO 02500,CETESB,Rio Pardo - UGRHI 17,SP,-22.90416667,-49.61916667,1,2012,2018,7
PADO02400,CETESB,Rio Pardo - UGRHI 17,SP,-22.878611,-49.239722,5,2016,2021,5
PADO02500,CETESB,Rio Pardo - UGRHI 17,SP,-22.904167,-49.619167,5,2001,2021,20
PALM 03800,CETESB,Ribeirão das Palmeiras,SP,-20.74444444,-48.41166667,1,2012,2018,7
PALM03800,CETESB,Ribeirão das Palmeiras,SP,-20.744444,-48.411667,5,2010,2021,11
PARB 02200,CETESB,Rio Paraíba do Sul,SP,-23.31333333,-45.97222222,1,2012,2018,7
PARB 02300,CETESB,Rio Paraíba do Sul,SP,-23.195,-45.93,1,2012,2018,7
PARB 02310,CETESB,Rio Paraíba do Sul,SP,-23.18777778,-45.91777778,1,2012,2018,7
PARB02200,CETESB,Rio Paraíba do Sul,SP,-23.313333,-45.972222,5,2000,2021,21
PARB02300,CETESB,Rio Paraíba do Sul,SP,-23.195,-45.93,5,1984,2021,36
PARB02310,CETESB,Rio Paraíba do Sul,SP,-23.187778,-45.917778,5,1978,2021,25
PARD 02010,CETESB,Rio Pardo - UGRHIs 4 e 12,SP,-21.57222222,-46.83583333,1,2012,2018,7
PARD 02010 ou PARD02010,CETESB,Rio Pardo - UGRHIs 4 e 12,SP,-21.572222,-46.835833,5,2001,2020,19
PARD 02100,CETESB,Rio Pardo - UGRHIs 4 e 12,SP,-21.62333333,-47.04333333,1,2012,2018,7
PARD 02100 ou PARD02100,CETESB,Rio Pardo - UGRHIs 4 e 12,SP,-21.623333,-47.043333,5,1996,2020,24
PARD 02400,CETESB,Rio Pardo - UGRHIs 4 e 12,SP,-21.29222222,-47.48111111,1,2016,2018,3
PARD 02500,CETESB,Rio Pardo - UGRHIs 4 e 12,SP,-21.1,-47.76222222,1,2012,2018,7
PARD 02600,CETESB,Rio Pardo - UGRHIs 4 e 12,SP,-20.96611111,-48.02777778,1,2012,2018,7
PARD 02600 ou PARD02600,CETESB,Rio Pardo - UGRHIs 4 e 12,SP,-20.966111,-48.027778,5,1979,2020,41
PARD 02750,CETESB,Rio Pardo - UGRHIs 4 e 12,SP,-20.61555556,-48.335,1,2012,2018,7
PARD 02800,CETESB,Rio Pardo - UGRHIs 4 e 12,SP,-20.45027778,-48.45416667,1,2012,2018,7
PARD02400,CETESB,Rio Pardo - UGRHIs 4 e 12,SP,-21.292222,-47.481111,5,2016,2021,5
PARD02500,CETESB,Rio Pardo - UGRHIs 4 e 12,SP,-21.1,-47.762222,5,1978,2021,43
PARD02750,CETESB,Rio Pardo - UGRHIs 4 e 12,SP,-20.615556,-48.335,5,2009,2021,12
PARD02800,CETESB,Rio Pardo - UGRHIs 4 e 12,SP,-20.450278,-48.454167,5,1978,2021,42
PARN 02100,CETESB,Rio Paraná,SP,-20.77777778,-51.62944444,1,2012,2018,7
PARN 02110 ou PARN02110,CETESB,Rio Paraná,SP,-20.7972,-51.6275,5,2016,2020,4
PARN02100,CETESB,Rio Paraná,SP,-20.777778,-51.629444,5,1978,2021,43
PATO 02900,CETESB,Ribeirão dos Patos,SP,-21.32138889,-49.82222222,1,2012,2018,7
PATO02900,CETESB,Ribeirão dos Patos,SP,-21.321389,-49.822222,5,2008,2021,13
PCAB 02100,CETESB,Rio Piracicaba,SP,-22.71083333,-47.32277778,1,2012,2018,7
PCAB 02135,CETESB,Rio Piracicaba,SP,-22.6975,-47.38722222,1,2012,2018,7
PCAB 02192,CETESB,Rio Piracicaba,SP,-22.68888889,-47.58277778,1,2012,2018,7
PCAB 02220,CETESB,Rio Piracicaba,SP,-22.71222222,-47.64944444,1,2012,2018,7
PCAB 02300,CETESB,Rio Piracicaba,SP,-22.69555556,-47.67194444,1,2012,2018,7
PCAB 02800,CETESB,Rio Piracicaba,SP,-22.69194444,-47.7775,1,2012,2018,7
PCAB02100,CETESB,Rio Piracicaba,SP,-22.710833,-47.322778,5,1978,2021,31
PCAB02135,CETESB,Rio Piracicaba,SP,-22.6975,-47.387222,5,1979,2021,42
PCAB02192,CETESB,Rio Piracicaba,SP,-22.688889,-47.582778,5,1978,2021,43
PCAB02220,CETESB,Rio Piracicaba,SP,-22.712222,-47.649444,5,1980,2021,41
PCAB02300,CETESB,Rio Piracicaba,SP,-22.695556,-47.671944,5,2000,2021,21
PCAB02800,CETESB,Rio Piracicaba,SP,-22.691944,-47.7775,5,1978,2021,43
PCBP 02500,CETESB,Braço do Rio Piracicaba,SP,-22.62888889,-48.17416667,1,2012,2018,7
PCBP02500,CETESB,Braço do Rio Piracicaba,SP,-22.628889,-48.174167,5,1995,2021,26
PDIZ00700,CETESB,Ribeirão das Perdizes,SP,-22.7342,-45.5717,5,2020,2021,2
PDRA 02450,CETESB,Córrego das Pedras ou Mandi - UGHRI 12,SP,-20.47777778,-48.6075,1,2016,2018,3
PDRA02450,CETESB,Córrego das Pedras ou Mandi - UGHRI 12,SP,-20.477778,-48.6075,5,2016,2021,5
PEIX 02100,CETESB,Rio do Peixe-UGRHI 21,SP,-22.30444444,-50.05,1,2012,2018,7
PEIX 02400,CETESB,Rio do Peixe-UGRHI 21,SP,-22.00277778,-50.76861111,1,2014,2018,5
PEIX 02600,CETESB,Rio do Peixe-UGRHI 21,SP,-21.82527778,-51.1975,1,2012,2018,7
PEIX02100,CETESB,Rio do Peixe-UGRHI 21,SP,-22.304444,-50.05,5,1979,2021,42
PEIX02400,CETESB,Rio do Peixe-UGRHI 21,SP,-22.002778,-50.768611,5,2014,2021,7
PEIX02600,CETESB,Rio do Peixe-UGRHI 21,SP,-21.825278,-51.1975,5,2011,2021,10
PEVA 02900,CETESB,Rio da Itupeva,SP,-22.04833333,-47.25,1,2012,2018,7
PEVA02900,CETESB,Rio da Itupeva,SP,-22.048333,-47.25,5,2002,2021,19
PEXE 02150,CETESB,Rio do Peixe-UGRHI 9,SP,-22.56472222,-46.53555556,1,2012,2018,7
PEXE 02150,CETESB,Rio do Peixe-UGRHI 9,SP,-22.564722,-46.535556,5,2009,2018,10
PEXE 02950,CETESB,Rio do Peixe-UGRHI 9,SP,-22.39833333,-46.84666667,1,2013,2018,6
PEXE02100,CETESB,Rio do Peixe-UGRHI 9,SP,-22.5958,-46.5169,5,2020,2021,2
PEXE02950,CETESB,Rio do Peixe-UGRHI 9,SP,-22.398333,-46.846667,5,2013,2021,8
PGUI 02700,CETESB,Ribeirão Pirapitingui,SP,-23.29222222,-47.27833333,1,2015,2018,4
PGUI02700,CETESB,Ribeirão Pirapitingui,SP,-23.292222,-47.278333,5,2015,2021,6
PIAL 02900,CETESB,Ribeirão do Pinhal,SP,-22.65972222,-47.27583333,1,2012,2018,7
PIAL02900,CETESB,Ribeirão do Pinhal,SP,-22.659722,-47.275833,5,2003,2021,18
PIMI 02900,CETESB,Ribeirão Piracicamirim,SP,-22.69916667,-47.62944444,1,2012,2018,7
PIMI02900,CETESB,Ribeirão Piracicamirim,SP,-22.699167,-47.629444,5,2000,2021,21
PINO 03400,CETESB,Ribeirão Pinheiros,SP,-22.98861111,-46.98861111,1,2015,2018,4
PINO 03400 ou PINO03400,CETESB,Ribeirão Pinheiros,SP,-22.988611,-46.988611,5,2015,2020,5
PINO 03900,CETESB,Ribeirão Pinheiros,SP,-22.91472222,-46.96083333,1,2012,2018,7
PINO03900,CETESB,Ribeirão Pinheiros,SP,-22.914722,-46.960833,5,2000,2021,21
PITA 02450,CETESB,Ribeirão das Pitangueiras,SP,-20.58611111,-48.54916667,1,2016,2018,3
PITA 04800,CETESB,Ribeirão das Pitangueiras,SP,-20.56083333,-48.4575,1,2012,2018,7
PITA 04800 ou PITA04800,CETESB,Ribeirão das Pitangueiras,SP,-20.560833,-48.4575,5,2010,2019,10
PITA02450,CETESB,Ribeirão das Pitangueiras,SP,-20.586111,-48.549167,5,2016,2021,5
PIÇA04850,CETESB,Rio do Piçarrão,SP,-22.9358,-47.1625,5,2017,2021,4
PNHO 04500,CETESB,Ribeirão Pinheirinho - UGHRI 8,SP,-21.08611111,-47.14888889,1,2016,2018,3
PNHO 04500 ou PNHO04500,CETESB,Ribeirão Pinheirinho - UGHRI 8,SP,-21.086111,-47.148889,5,2016,2020,4
PORC 03900,CETESB,Ribeirão dos Porcos,SP,-22.29388889,-46.79083333,1,2012,2018,7
PORC03900,CETESB,Ribeirão dos Porcos,SP,-22.293889,-46.790833,5,2005,2021,16
PRAT 02400,CETESB,Rio da Prata,SP,-22.82666667,-45.68083333,1,2012,2018,7
PRAT02400,CETESB,Rio da Prata,SP,-22.826667,-45.680833,5,2008,2021,13
PRET 02800,CETESB,Rio Preto - UGRHI 15 ,SP,-20.29444444,-49.63611111,1,2012,2018,7
PRET 04300,CETESB,Rio Preto - UGRHI 15 ,SP,-20.62777778,-49.355,1,2012,2018,7
PRET02800,CETESB,Rio Preto - UGRHI 15,SP,-20.294444,-49.636111,5,1978,2021,42
PRET04300,CETESB,Rio Preto - UGRHI 15,SP,-20.627778,-49.355,5,2001,2021,20
PTEI 02900,CETESB,Rio Paratei,SP,-23.20388889,-46.01388889,1,2012,2018,7
PTEI02900,CETESB,Rio Paratei,SP,-23.203889,-46.013889,5,2000,2021,21
QUIL 03200,CETESB,Ribeirão Quilombo,SP,-22.81861111,-47.19861111,1,2012,2018,7
QUIL 03900,CETESB,Ribeirão Quilombo,SP,-22.71444444,-47.33388889,1,2012,2018,7
QUIL03030,CETESB,Ribeirão Quilombo,SP,-22.8206,-47.1567,5,2018,2021,3
QUIL03200,CETESB,Ribeirão Quilombo,SP,-22.818611,-47.198611,5,2000,2021,21
QUIL03500,CETESB,Ribeirão Quilombo,SP,-22.8039,-47.2806,5,2018,2021,3
QUIL03900,CETESB,Ribeirão Quilombo,SP,-22.714444,-47.333889,5,2000,2021,21
RAIN 00880,CETESB,Represa do Rio Atibainha,SP,-23.20972222,-46.38611111,1,2014,2018,5
RAIN00880,CETESB,Represa do Rio Atibainha,SP,-23.209722,-46.386111,5,2014,2021,7
RCAB 00900,CETESB,Reservatório do Cabuçu,SP,-23.405,-46.53305556,1,2012,2018,7
RCAB00900,CETESB,Reservatório do Cabuçu,SP,-23.405,-46.533056,5,1978,2021,12
RGRA 02990,CETESB,Ribeirão Grande,SP,-22.26083333,-48.80972222,1,2012,2018,7
RGRA02990,CETESB,Ribeirão Grande,SP,-22.260833,-48.809722,5,2008,2021,13
RICO 02200,CETESB,Córrego  Rico- UGHRI 9,SP,-21.31055556,-48.46166667,1,2012,2018,7
RICO 02200 ou RICO02200,CETESB,Córrego  Rico- UGHRI 9,SP,-21.310556,-48.461667,5,2010,2020,10
RICO 02600,CETESB,Córrego  Rico- UGHRI 9,SP,-21.31027778,-48.32333333,1,2012,2018,7
RICO 03900,CETESB,Córrego  Rico- UGHRI 9,SP,-21.23361111,-48.18,1,2012,2018,7
RICO 03900 ou RICO03900,CETESB,Córrego  Rico- UGHRI 9,SP,-21.233611,-48.18,5,2010,2020,10
RICO02600,CETESB,Córrego  Rico- UGHRI 9,SP,-21.310278,-48.323333,5,2010,2021,11
RIPE 04250,CETESB,Ribeirão Preto,SP,-21.283056,-47.795278,5,2011,2016,6
RIPE 04250,CETESB,Ribeirão Preto,SP,-21.28305556,-47.79527778,1,2012,2016,5
RIPE 04900,CETESB,Ribeirão Preto,SP,-21.08694444,-47.81555556,1,2012,2018,7
RIPE04300,CETESB,Ribeirão Preto,SP,-21.2672,-47.8189,5,2017,2021,4
RIPE04900,CETESB,Ribeirão Preto,SP,-21.086944,-47.815556,5,2011,2021,10
RITA 02700,CETESB,Ribeirão Santa Rita,SP,-19.95777778,-50.44138889,1,2013,2018,6
RITA02700,CETESB,Ribeirão Santa Rita,SP,-19.957778,-50.441389,5,2013,2021,8
RMAR 02900,CETESB,Reservatório do Córrego Marinheirinho,SP,-20.40527778,-49.95666667,1,2012,2018,7
RMAR02900,CETESB,Reservatório do Córrego Marinheirinho,SP,-20.405278,-49.956667,5,2011,2021,10
RONC 02030,CETESB,Ribeirão das Onças (UGRHI 9),SP,-21.53277778,-47.78805556,1,2012,2018,7
RONC 02030 ou RONC02030,CETESB,Ribeirão das Onças (UGRHI 9),SP,-21.532778,-47.788056,5,2010,2020,10
RONC 02400,CETESB,Ribeirão das Onças (UGRHI 9),SP,-21.3975,-47.86472222,1,2012,2018,7
RONC 02800,CETESB,Ribeirão das Onças (UGRHI 9),SP,-21.2475,-48.03888889,1,2012,2018,7
RONC 02800 ou RONC02800,CETESB,Ribeirão das Onças (UGRHI 9),SP,-21.2475,-48.038889,5,2010,2020,10
RONC02400,CETESB,Ribeirão das Onças (UGRHI 9),SP,-21.3975,-47.864722,5,2010,2021,11
RPRE 02200,CETESB,Reservatório do Rio Preto,SP,-20.80944444,-49.37611111,1,2012,2018,7
RPRE02200,CETESB,Reservatório do Rio Preto,SP,-20.809444,-49.376111,5,1980,2021,38
SAGU 02050,CETESB,Rio Sapucaí Guaçu,SP,-22.71611111,-45.56,1,2014,2018,5
SAGU 02250,CETESB,Rio Sapucaí Guaçu,SP,-22.69361111,-45.50527778,1,2014,2018,5
SAGU02050,CETESB,Rio Sapucaí Guaçu,SP,-22.716111,-45.56,5,2014,2021,7
SAGU02250,CETESB,Rio Sapucaí Guaçu,SP,-22.693611,-45.505278,5,2014,2021,7
SAMI 02200,CETESB,Rio Sapucaí-Mirim,SP,-22.68611111,-45.735,1,2014,2018,5
SAMI02200,CETESB,Rio Sapucaí-Mirim,SP,-22.686111,-45.735,5,2014,2021,7
SAPU 02050,CETESB,Rio Sapucaí -UGHRI 8,SP,-20.98944444,-47.23388889,1,2012,2018,7
SAPU 02050 ou SAPU02050,CETESB,Rio Sapucaí -UGHRI 8,SP,-20.989444,-47.233889,5,2000,2020,19
SAPU 02200,CETESB,Rio Sapucaí -UGHRI 8,SP,-20.77111111,-47.465,1,2012,2018,7
SAPU 02200 ou SAPU02200,CETESB,Rio Sapucaí -UGHRI 8,SP,-20.771111,-47.465,5,2000,2020,19
SAPU 02250,CETESB,Rio Sapucaí -UGHRI 8,SP,-20.72944444,-47.52166667,1,2012,2018,7
SAPU 02250 ou SAPU02250,CETESB,Rio Sapucaí -UGHRI 8,SP,-20.729444,-47.521667,5,2000,2020,19
SAPU 02270,CETESB,Rio Sapucaí -UGHRI 8,SP,-20.7075,-47.58472222,1,2012,2018,7
SAPU 02270 ou SAPU02270,CETESB,Rio Sapucaí -UGHRI 8,SP,-20.7075,-47.584722,5,2000,2020,19
SAPU 02300,CETESB,Rio Sapucaí -UGHRI 8,SP,-20.64333333,-47.67305556,1,2012,2018,7
SAPU 02300 ou SAPU02300,CETESB,Rio Sapucaí -UGHRI 8,SP,-20.643333,-47.673056,5,2001,2020,19
SAPU 02400,CETESB,Rio Sapucaí -UGHRI 8,SP,-20.52333333,-47.8275,1,2012,2018,7
SAPU 02900,CETESB,Rio Sapucaí -UGHRI 8,SP,-20.20361111,-48.29,1,2012,2018,7
SAPU02400,CETESB,Rio Sapucaí -UGHRI 8,SP,-20.523333,-47.8275,5,1978,2021,41
SAPU02900,CETESB,Rio Sapucaí -UGHRI 8,SP,-20.203611,-48.29,5,2012,2021,9
SAPZ 04500,CETESB,Rio Sapucaizinho,SP,-20.63305556,-47.28388889,1,2015,2018,4
SAPZ 04500 ou SAPZ04500,CETESB,Rio Sapucaizinho,SP,-20.633056,-47.283889,5,2015,2020,5
SAUI 02900,CETESB,Rio Sarapuí,SP,-23.35277778,-47.73777778,1,2012,2018,7
SAUI02900,CETESB,Rio Sarapuí,SP,-23.352778,-47.737778,5,2005,2021,16
SDOM 03900,CETESB,Ribeirão São Domingos,SP,-20.84361111,-49.09027778,1,2012,2018,7
SDOM 04300,CETESB,Ribeirão São Domingos,SP,-21.15833333,-48.94222222,1,2012,2018,7
SDOM 04500,CETESB,Ribeirão São Domingos,SP,-21.05055556,-49.06361111,1,2012,2018,7
SDOM03900,CETESB,Ribeirão São Domingos,SP,-20.843611,-49.090278,5,2005,2021,16
SDOM04300,CETESB,Ribeirão São Domingos,SP,-21.158333,-48.942222,5,2010,2021,11
SDOM04500,CETESB,Ribeirão São Domingos,SP,-21.050556,-49.063611,5,1980,2021,40
SETA 04600,CETESB,Ribeirão do Sertãozinho,SP,-21.08861111,-48.04444444,1,2012,2018,7
SETA04600,CETESB,Ribeirão do Sertãozinho,SP,-21.088611,-48.044444,5,2011,2021,10
SJBA 04950,CETESB,Cor. São João do Barueri,SP,-23.50555556,-46.86083333,1,2012,2018,7
SJBA04950,CETESB,Cor. São João do Barueri,SP,-23.505556,-46.860833,5,2012,2021,9
SJDO 02150,CETESB,Rio São José dos Dourados,SP,-20.71722222,-49.76666667,1,2013,2018,6
SJDO 02500,CETESB,Rio São José dos Dourados,SP,-20.50861111,-50.51888889,1,2012,2018,7
SJDO02150,CETESB,Rio São José dos Dourados,SP,-20.717222,-49.766667,5,2013,2021,8
SJDO02500,CETESB,Rio São José dos Dourados,SP,-20.508611,-50.518889,5,1978,2021,42
SLOU 03700,CETESB,Rio São Lourenço,SP,-21.64194444,-48.83972222,1,2014,2018,5
SLOU03700,CETESB,Rio São Lourenço,SP,-21.641944,-48.839722,5,2014,2021,7
SORO 02050,CETESB,Rio Sorocaba,SP,-23.54,-47.44527778,1,2012,2018,7
SORO 02100,CETESB,Rio Sorocaba,SP,-23.47833333,-47.44388889,1,2012,2018,7
SORO 02200,CETESB,Rio Sorocaba,SP,-23.40833333,-47.48,1,2012,2018,7
SORO 02500,CETESB,Rio Sorocaba,SP,-23.31916667,-47.77888889,1,2012,2018,7
SORO 02700,CETESB,Rio Sorocaba,SP,-23.1725,-47.79638889,1,2012,2018,7
SORO 02900,CETESB,Rio Sorocaba,SP,-23.02277778,-47.81972222,1,2012,2018,7
SORO02050,CETESB,Rio Sorocaba,SP,-23.54,-47.445278,5,2011,2021,10
SORO02100,CETESB,Rio Sorocaba,SP,-23.478333,-47.443889,5,1978,2021,43
SORO02200,CETESB,Rio Sorocaba,SP,-23.408333,-47.48,5,1979,2021,42
SORO02300,CETESB,Rio Sorocaba,SP,-23.3631,-47.5783,5,2020,2021,2
SORO02500,CETESB,Rio Sorocaba,SP,-23.319167,-47.778889,5,2005,2021,16
SORO02700,CETESB,Rio Sorocaba,SP,-23.1725,-47.796389,5,2000,2021,21
SORO02900,CETESB,Rio Sorocaba,SP,-23.022778,-47.819722,5,1978,2021,43
TATU04850,CETESB,Ribeirão Tatu,SP,-22.66,-47.3525,5,2000,2021,21
TAUI04900,CETESB,Rio Tatuí,SP,-23.323611,-47.782778,5,2005,2021,16
TBIR02700,CETESB,Rio Tibiriçá,SP,-21.788889,-50.15,5,1979,2021,29
TBIR03300,CETESB,Rio Tibiriçá,SP,-22.061111,-49.901111,5,2001,2021,20
TDUA02700,CETESB,Ribeirão do Tamanduá,SP,-21.206667,-47.657222,5,2016,2021,5
TELA02700,CETESB,Córrego Batistela,SP,-21.953333,-47.366389,5,2002,2021,16
TGDE00900,CETESB,Reservatório de Tanque Grande,SP,-23.377222,-46.459722,5,1978,2021,43
TIBB02100,CETESB,Reservatório de Barra Bonita,SP,-22.612778,-48.347778,5,1999,2021,22
TIBB02700,CETESB,Reservatório de Barra Bonita,SP,-22.544167,-48.446667,5,1995,2021,26
TIBT02500,CETESB,Braço do Rio Tiete,SP,-22.678056,-48.251667,5,1995,2021,26
TIES04900,CETESB,Reservatório Edgard de Souza,SP,-23.454444,-46.91,5,1978,2021,43
TIET02350,CETESB,Rio Tietê,SP,-23.200278,-47.335556,5,1984,2021,37
TIET02400,CETESB,Rio Tietê,SP,-23.086667,-47.678056,5,1978,2021,42
TIET02450,CETESB,Rio Tietê,SP,-22.956944,-47.823056,5,1993,2021,28
TIET02500,CETESB,Rio Tietê,SP,-22.507222,-48.546111,5,1978,2021,42
TIET02600,CETESB,Rio Tietê,SP,-21.758611,-48.994167,5,1978,2021,43
TIET02700,CETESB,Rio Tietê,SP,-21.296944,-49.795,5,1978,2021,43
TIET02900,CETESB,Rio Tietê,SP,-20.669444,-51.444722,5,2014,2021,7
TIJU02900,CETESB,Ribeirão Tijuco Preto,SP,-22.810833,-47.173333,5,2002,2021,19
TIPI04900,CETESB,Reservatório de Pirapora,SP,-23.390833,-46.994722,5,1978,2021,43
TIPR02400,CETESB,Reservatório de Promissão,SP,-21.640278,-49.285278,5,1978,2021,28
TIPR02990,CETESB,Reservatório de Promissão,SP,-21.297222,-49.7825,5,2007,2021,13
TIRG02900,CETESB,Reservatório de Rasgão,SP,-23.382778,-47.029444,5,1978,2021,42
TITR02100,CETESB,Reservatório de Três Irmãos,SP,-21.048333,-50.4675,5,1991,2021,30
TITR02800,CETESB,Reservatório de Três Irmãos,SP,-20.659722,-51.146667,5,1978,2021,42
TJCO03750,,,SP,-22.7256,-47.5283,2,2021,2021,1
TKIN02950,CETESB,Córrego Tanquinho,SP,-21.1428,-47.8025,5,2017,2021,4
TOLE03750,CETESB,Ribeirão dos Toledos,SP,-22.735833,-47.414444,5,2015,2021,6
TREB02950,CETESB,Ribeirão Três Barras,SP,-22.6575,-47.209444,5,2003,2021,18
TURV02300,CETESB,Rio Turvo - UGHRI 15,SP,-20.991667,-48.7075,5,2013,2021,8
TURV02500,CETESB,Rio Turvo - UGHRI 15,SP,-20.741667,-49.103611,5,1979,2021,41
TURV02800,CETESB,Rio Turvo - UGHRI 15,SP,-20.499444,-49.211111,5,1978,2021,42
UAMA 00550,CETESB,Rio Piracuama,SP,-22.865278,-45.584722,5,2016,2018,3
UAMA00600,CETESB,Rio Piracuama,SP,-22.8753,-45.5822,5,2020,2021,2
VEME 04250 ou VEME04250,CETESB,Ribeirão Vermelho ou Mutinga,SP,-23.463889,-46.754167,5,2013,2020,7
VIDK04900,CETESB,Córrego do Vidoca,SP,-23.1883,-45.9158,5,2018,2021,3
XOTE02500,CETESB,Córrego do Baixote,SP,-21.310278,-50.310556,5,2001,2021,20
